<?xml version='1.0' encoding='UTF-8' standalone='no' ?><?xml-stylesheet type="text/xsl"  href="cts_result.xsl"?>
<TestResult testPlan="NA" starttime="Mon Jun 17 15:59:16 CST 2013" endtime="Mon Jun 17 16:21:59 CST 2013" version="1.13">
  <DeviceInfo>
    <Screen resolution="480x800" screen_density="1.5" screen_density_bucket="hdpi" screen_size="normal" />
    <PhoneSubInfo subscriberId="null" />
    <BuildInfo buildID="99-4AJ11-J-0100-0002-V0-M1-061713" Ydpi="213.89473" deviceID="none" build_manufacturer="Motorola Solutions" build_device="MC40" build_fingerprint="unknown" build_type="eng" build_board="MC40" build_brand="Android" network="" buildName="MC40" build_model="MC40N0" keypad="nokeys" buildVersion="4.1.1" Xdpi="213.89473" openGlEsVersion="2.0" partitions="Filesystem             Size   Used   Free   Blksize;/dev                   326M    32K   326M   4096;/mnt/secure            326M     0K   326M   4096;/mnt/asec              326M     0K   326M   4096;/mnt/obb               326M     0K   326M   4096;/system                503M   265M   238M   4096;/data                    4G   148M     4G   4096;/cache                 251M     4M   247M   4096;/factory                15M     4M    11M   4096;/storage/sdcard          1G    12M     1G   4096;/enterprise            125M     4M   121M   4096;" imei="null" androidPlatformVersion="16" build_abi="armeabi-v7a" touch="finger" navigation="nonav" locales="en_US;ca;da;fa;ja;nb;de;af;bg;th;fi;hi;vi;sk;uk;el;nl;pl;sl;tl;am;rm;in;ko;ro;ar;fr;hr;sr;tr;cs;es;ms;it;lt;pt;hu;ru;zu;lv;sv;iw;sw;en_CA;uk_UA;en_GB;in_ID;de_DE;ar_EG;en_SG;th_TH;fi_FI;sl_SI;sk_SK;zh_CN;hi_IN;vi_VN;ro_RO;ja_JP;fr_FR;hr_HR;ca_ES;es_ES;sr_RS;en_US;es_US;it_IT;lt_LT;pt_PT;en_AU;hu_HU;lv_LV;zh_TW;en_NZ;fr_CA;af_ZA;zu_ZA;nl_BE;fr_BE;sv_SE;bg_BG;de_CH;rm_CH;fr_CH;it_CH;tl_PH;de_LI;da_DK;iw_IL;nl_NL;pl_PL;nb_NO;pt_BR;el_GR;fa_IR;ko_KR;tr_TR;de_AT;am_ET;ru_RU;ms_MY;cs_CZ;sw_TZ;en;" build_abi2="armeabi" imsi="null" />
    <FeatureInfo>
      <Feature name="android.hardware.audio.low_latency" type="sdk" available="false" />
      <Feature name="android.hardware.bluetooth" type="sdk" available="true" />
      <Feature name="android.hardware.camera" type="sdk" available="true" />
      <Feature name="android.hardware.camera.autofocus" type="sdk" available="true" />
      <Feature name="android.hardware.camera.flash" type="sdk" available="false" />
      <Feature name="android.hardware.camera.front" type="sdk" available="false" />
      <Feature name="android.hardware.faketouch" type="sdk" available="true" />
      <Feature name="android.hardware.faketouch.multitouch.distinct" type="sdk" available="false" />
      <Feature name="android.hardware.faketouch.multitouch.jazzhand" type="sdk" available="false" />
      <Feature name="android.software.live_wallpaper" type="sdk" available="true" />
      <Feature name="android.hardware.location" type="sdk" available="true" />
      <Feature name="android.hardware.location.gps" type="sdk" available="false" />
      <Feature name="android.hardware.location.network" type="sdk" available="true" />
      <Feature name="android.hardware.microphone" type="sdk" available="true" />
      <Feature name="android.hardware.nfc" type="sdk" available="false" />
      <Feature name="android.hardware.screen.landscape" type="sdk" available="true" />
      <Feature name="android.hardware.screen.portrait" type="sdk" available="true" />
      <Feature name="android.hardware.sensor.accelerometer" type="sdk" available="true" />
      <Feature name="android.hardware.sensor.barometer" type="sdk" available="false" />
      <Feature name="android.hardware.sensor.compass" type="sdk" available="true" />
      <Feature name="android.hardware.sensor.gyroscope" type="sdk" available="false" />
      <Feature name="android.hardware.sensor.light" type="sdk" available="true" />
      <Feature name="android.hardware.sensor.proximity" type="sdk" available="true" />
      <Feature name="android.software.sip" type="sdk" available="true" />
      <Feature name="android.software.sip.voip" type="sdk" available="true" />
      <Feature name="android.hardware.telephony" type="sdk" available="false" />
      <Feature name="android.hardware.telephony.cdma" type="sdk" available="false" />
      <Feature name="android.hardware.telephony.gsm" type="sdk" available="false" />
      <Feature name="android.hardware.type.television" type="sdk" available="false" />
      <Feature name="android.hardware.touchscreen" type="sdk" available="true" />
      <Feature name="android.hardware.touchscreen.multitouch" type="sdk" available="true" />
      <Feature name="android.hardware.touchscreen.multitouch.distinct" type="sdk" available="true" />
      <Feature name="android.hardware.touchscreen.multitouch.jazzhand" type="sdk" available="false" />
      <Feature name="android.hardware.usb.accessory" type="sdk" available="true" />
      <Feature name="android.hardware.usb.host" type="sdk" available="true" />
      <Feature name="android.hardware.wifi" type="sdk" available="true" />
      <Feature name="android.hardware.wifi.direct" type="sdk" available="false" />
      <Feature name="com.motorolasolutions.software.enterprise.securestorage" type="other" available="true" />
      <Feature name="com.motorolasolutions.software.enterprise.applist" type="other" available="true" />
      <Feature name="com.motorolasolutions.software.enterprise.applock" type="other" available="true" />
      <Feature name="com.motorolasolutions.software.enterprise.multiuser" type="other" available="true" />
    </FeatureInfo>
    <ProcessInfo>
      <Process name="ueventd" uid="0" />
      <Process name="netd" uid="0" />
      <Process name="sh" uid="0" />
      <Process name="adbd" uid="0" />
      <Process name="sh" uid="0" />
      <Process name="app_process" uid="0" />
    </ProcessInfo>
    <SystemLibrariesInfo>
      <Library name="com.ti.s3d" />
      <Library name="javax.obex" />
      <Library name="com.android.future.usb.accessory" />
      <Library name="com.motorolasolutions.ledmanager.Led" />
      <Library name="com.motorolasolutions.emdk.msr" />
      <Library name="com.motorolasolutions.scanner" />
      <Library name="android.test.runner" />
      <Library name="com.motorolasolutions.applist" />
      <Library name="com.motorolasolutions.securityapi" />
      <Library name="com.motorolasolutions.securestore" />
      <Library name="com.motorolasolutions.gpioctrl" />
      <Library name="com.motorolasolutions.ButtonRemap" />
      <Library name="com.motorolasolutions.applock" />
      <Library name="com.google.android.maps" />
      <Library name="com.android.location.provider" />
    </SystemLibrariesInfo>
    <OpenGLCompressedTextureFormatsInfo>
      <TextureFormat name="GL_OES_compressed_ETC1_RGB8_texture" />
      <TextureFormat name="GL_IMG_texture_compression_pvrtc" />
    </OpenGLCompressedTextureFormatsInfo>
  </DeviceInfo>
  <HostInfo name="USI23375-012319">
    <Os name="Windows 7" version="6.1" arch="amd64" />
    <Java name="Oracle Corporation" version="1.7.0_21" />
    <Cts version="4.1_r3">
      <IntValue name="testStatusTimeoutMs" value="600000" />
    </Cts>
  </HostInfo>
  <Summary failed="24" notExecuted="0" timeout="0" pass="0" />
  <TestPackage name="CtsHoloTestCases" appPackageName="android.holo" digest="d64944831a28d26375b39b1adbac38f2ca3dc194">
    <TestSuite name="android">
      <TestSuite name="holo">
        <TestSuite name="cts">
          <TestCase name="HoloTest" priority="">
            <Test name="testHolo" result="fail" starttime="Mon Jun 17 16:00:01 CST 2013" endtime="Mon Jun 17 16:00:58 CST 2013">
              <FailedScene message="junit.framework.AssertionFailedError: Failed bitmap names: [holo_calendar_view, holo_calendar_view_feb] Check /storage/sdcard/cts-holo-assets/failed and /storage/sdcard/cts-holo-assets/diff for details.&#13;&#10;at android.holo.cts.HoloTest.runThemeTest(HoloTest.java:143)&#13;">
                <StackTrace>junit.framework.AssertionFailedError: Failed bitmap names: [holo_calendar_view, holo_calendar_view_feb] Check /storage/sdcard/cts-holo-assets/failed and /storage/sdcard/cts-holo-assets/diff for details.
at android.holo.cts.HoloTest.runThemeTest(HoloTest.java:143)
at android.holo.cts.HoloTest.testHolo(HoloTest.java:35)
at java.lang.reflect.Method.invokeNative(Native Method)
at android.test.InstrumentationTestCase.runMethod(InstrumentationTestCase.java:214)
at android.test.InstrumentationTestCase.runTest(InstrumentationTestCase.java:199)
at android.test.ActivityInstrumentationTestCase2.runTest(ActivityInstrumentationTestCase2.java:192)
at android.test.AndroidTestRunner.runTest(AndroidTestRunner.java:190)
at android.test.AndroidTestRunner.runTest(AndroidTestRunner.java:175)
at android.test.InstrumentationTestRunner.onStart(InstrumentationTestRunner.java:555)
at android.app.Instrumentation$InstrumentationThread.run(Instrumentation.java:1665)
</StackTrace>
              </FailedScene>
            </Test>
            <Test name="testHoloDialog" result="fail" starttime="Mon Jun 17 16:00:58 CST 2013" endtime="Mon Jun 17 16:01:53 CST 2013">
              <FailedScene message="junit.framework.AssertionFailedError: Failed bitmap names: [holo_dialog_calendar_view, holo_dialog_calendar_view_feb] Check /storage/sdcard/cts-holo-assets/failed and /storage/sdcard/cts-holo-assets/diff for details.&#13;&#10;at android.holo.cts.HoloTest.runThemeTest(HoloTest.java:143)&#13;">
                <StackTrace>junit.framework.AssertionFailedError: Failed bitmap names: [holo_dialog_calendar_view, holo_dialog_calendar_view_feb] Check /storage/sdcard/cts-holo-assets/failed and /storage/sdcard/cts-holo-assets/diff for details.
at android.holo.cts.HoloTest.runThemeTest(HoloTest.java:143)
at android.holo.cts.HoloTest.testHoloDialog(HoloTest.java:39)
at java.lang.reflect.Method.invokeNative(Native Method)
at android.test.InstrumentationTestCase.runMethod(InstrumentationTestCase.java:214)
at android.test.InstrumentationTestCase.runTest(InstrumentationTestCase.java:199)
at android.test.ActivityInstrumentationTestCase2.runTest(ActivityInstrumentationTestCase2.java:192)
at android.test.AndroidTestRunner.runTest(AndroidTestRunner.java:190)
at android.test.AndroidTestRunner.runTest(AndroidTestRunner.java:175)
at android.test.InstrumentationTestRunner.onStart(InstrumentationTestRunner.java:555)
at android.app.Instrumentation$InstrumentationThread.run(Instrumentation.java:1665)
</StackTrace>
              </FailedScene>
            </Test>
            <Test name="testHoloDialogMinimumWidth" result="fail" starttime="Mon Jun 17 16:01:53 CST 2013" endtime="Mon Jun 17 16:02:48 CST 2013">
              <FailedScene message="junit.framework.AssertionFailedError: Failed bitmap names: [holo_dialog_minwidth_calendar_view, holo_dialog_minwidth_calendar_view_feb] Check /storage/sdcard/cts-holo-assets/failed and /storage/sdcard/cts-holo-assets/diff for details.&#13;&#10;at android.holo.cts.HoloTest.runThemeTest(HoloTest.java:143)&#13;">
                <StackTrace>junit.framework.AssertionFailedError: Failed bitmap names: [holo_dialog_minwidth_calendar_view, holo_dialog_minwidth_calendar_view_feb] Check /storage/sdcard/cts-holo-assets/failed and /storage/sdcard/cts-holo-assets/diff for details.
at android.holo.cts.HoloTest.runThemeTest(HoloTest.java:143)
at android.holo.cts.HoloTest.testHoloDialogMinimumWidth(HoloTest.java:43)
at java.lang.reflect.Method.invokeNative(Native Method)
at android.test.InstrumentationTestCase.runMethod(InstrumentationTestCase.java:214)
at android.test.InstrumentationTestCase.runTest(InstrumentationTestCase.java:199)
at android.test.ActivityInstrumentationTestCase2.runTest(ActivityInstrumentationTestCase2.java:192)
at android.test.AndroidTestRunner.runTest(AndroidTestRunner.java:190)
at android.test.AndroidTestRunner.runTest(AndroidTestRunner.java:175)
at android.test.InstrumentationTestRunner.onStart(InstrumentationTestRunner.java:555)
at android.app.Instrumentation$InstrumentationThread.run(Instrumentation.java:1665)
</StackTrace>
              </FailedScene>
            </Test>
            <Test name="testHoloDialogNoActionBar" result="fail" starttime="Mon Jun 17 16:02:48 CST 2013" endtime="Mon Jun 17 16:03:42 CST 2013">
              <FailedScene message="junit.framework.AssertionFailedError: Failed bitmap names: [holo_dialog_noactionbar_calendar_view, holo_dialog_noactionbar_calendar_view_feb] Check /storage/sdcard/cts-holo-assets/failed and /storage/sdcard/cts-holo-assets/diff for details.&#13;&#10;at android.holo.cts.HoloTest.runThemeTest(HoloTest.java:143)&#13;">
                <StackTrace>junit.framework.AssertionFailedError: Failed bitmap names: [holo_dialog_noactionbar_calendar_view, holo_dialog_noactionbar_calendar_view_feb] Check /storage/sdcard/cts-holo-assets/failed and /storage/sdcard/cts-holo-assets/diff for details.
at android.holo.cts.HoloTest.runThemeTest(HoloTest.java:143)
at android.holo.cts.HoloTest.testHoloDialogNoActionBar(HoloTest.java:47)
at java.lang.reflect.Method.invokeNative(Native Method)
at android.test.InstrumentationTestCase.runMethod(InstrumentationTestCase.java:214)
at android.test.InstrumentationTestCase.runTest(InstrumentationTestCase.java:199)
at android.test.ActivityInstrumentationTestCase2.runTest(ActivityInstrumentationTestCase2.java:192)
at android.test.AndroidTestRunner.runTest(AndroidTestRunner.java:190)
at android.test.AndroidTestRunner.runTest(AndroidTestRunner.java:175)
at android.test.InstrumentationTestRunner.onStart(InstrumentationTestRunner.java:555)
at android.app.Instrumentation$InstrumentationThread.run(Instrumentation.java:1665)
</StackTrace>
              </FailedScene>
            </Test>
            <Test name="testHoloDialogNoActionBarMinimumWidth" result="fail" starttime="Mon Jun 17 16:03:42 CST 2013" endtime="Mon Jun 17 16:04:38 CST 2013">
              <FailedScene message="junit.framework.AssertionFailedError: Failed bitmap names: [holo_dialog_noactionbar_minwidth_calendar_view, holo_dialog_noactionbar_minwidth_calendar_view_feb] Check /storage/sdcard/cts-holo-assets/failed and /storage/sdcard/cts-holo-assets/diff for details.&#13;&#10;at android.holo.cts.HoloTest.runThemeTest(HoloTest.java:143)&#13;">
                <StackTrace>junit.framework.AssertionFailedError: Failed bitmap names: [holo_dialog_noactionbar_minwidth_calendar_view, holo_dialog_noactionbar_minwidth_calendar_view_feb] Check /storage/sdcard/cts-holo-assets/failed and /storage/sdcard/cts-holo-assets/diff for details.
at android.holo.cts.HoloTest.runThemeTest(HoloTest.java:143)
at android.holo.cts.HoloTest.testHoloDialogNoActionBarMinimumWidth(HoloTest.java:51)
at java.lang.reflect.Method.invokeNative(Native Method)
at android.test.InstrumentationTestCase.runMethod(InstrumentationTestCase.java:214)
at android.test.InstrumentationTestCase.runTest(InstrumentationTestCase.java:199)
at android.test.ActivityInstrumentationTestCase2.runTest(ActivityInstrumentationTestCase2.java:192)
at android.test.AndroidTestRunner.runTest(AndroidTestRunner.java:190)
at android.test.AndroidTestRunner.runTest(AndroidTestRunner.java:175)
at android.test.InstrumentationTestRunner.onStart(InstrumentationTestRunner.java:555)
at android.app.Instrumentation$InstrumentationThread.run(Instrumentation.java:1665)
</StackTrace>
              </FailedScene>
            </Test>
            <Test name="testHoloDialogWhenLarge" result="fail" starttime="Mon Jun 17 16:04:38 CST 2013" endtime="Mon Jun 17 16:05:33 CST 2013">
              <FailedScene message="junit.framework.AssertionFailedError: Failed bitmap names: [holo_dialogwhenlarge_calendar_view, holo_dialogwhenlarge_calendar_view_feb] Check /storage/sdcard/cts-holo-assets/failed and /storage/sdcard/cts-holo-assets/diff for details.&#13;&#10;at android.holo.cts.HoloTest.runThemeTest(HoloTest.java:143)&#13;">
                <StackTrace>junit.framework.AssertionFailedError: Failed bitmap names: [holo_dialogwhenlarge_calendar_view, holo_dialogwhenlarge_calendar_view_feb] Check /storage/sdcard/cts-holo-assets/failed and /storage/sdcard/cts-holo-assets/diff for details.
at android.holo.cts.HoloTest.runThemeTest(HoloTest.java:143)
at android.holo.cts.HoloTest.testHoloDialogWhenLarge(HoloTest.java:55)
at java.lang.reflect.Method.invokeNative(Native Method)
at android.test.InstrumentationTestCase.runMethod(InstrumentationTestCase.java:214)
at android.test.InstrumentationTestCase.runTest(InstrumentationTestCase.java:199)
at android.test.ActivityInstrumentationTestCase2.runTest(ActivityInstrumentationTestCase2.java:192)
at android.test.AndroidTestRunner.runTest(AndroidTestRunner.java:190)
at android.test.AndroidTestRunner.runTest(AndroidTestRunner.java:175)
at android.test.InstrumentationTestRunner.onStart(InstrumentationTestRunner.java:555)
at android.app.Instrumentation$InstrumentationThread.run(Instrumentation.java:1665)
</StackTrace>
              </FailedScene>
            </Test>
            <Test name="testHoloDialogWhenLargeNoActionBar" result="fail" starttime="Mon Jun 17 16:05:33 CST 2013" endtime="Mon Jun 17 16:06:28 CST 2013">
              <FailedScene message="junit.framework.AssertionFailedError: Failed bitmap names: [holo_dialogwhenlarge_noactionbar_calendar_view, holo_dialogwhenlarge_noactionbar_calendar_view_feb] Check /storage/sdcard/cts-holo-assets/failed and /storage/sdcard/cts-holo-assets/diff for details.&#13;&#10;at android.holo.cts.HoloTest.runThemeTest(HoloTest.java:143)&#13;">
                <StackTrace>junit.framework.AssertionFailedError: Failed bitmap names: [holo_dialogwhenlarge_noactionbar_calendar_view, holo_dialogwhenlarge_noactionbar_calendar_view_feb] Check /storage/sdcard/cts-holo-assets/failed and /storage/sdcard/cts-holo-assets/diff for details.
at android.holo.cts.HoloTest.runThemeTest(HoloTest.java:143)
at android.holo.cts.HoloTest.testHoloDialogWhenLargeNoActionBar(HoloTest.java:59)
at java.lang.reflect.Method.invokeNative(Native Method)
at android.test.InstrumentationTestCase.runMethod(InstrumentationTestCase.java:214)
at android.test.InstrumentationTestCase.runTest(InstrumentationTestCase.java:199)
at android.test.ActivityInstrumentationTestCase2.runTest(ActivityInstrumentationTestCase2.java:192)
at android.test.AndroidTestRunner.runTest(AndroidTestRunner.java:190)
at android.test.AndroidTestRunner.runTest(AndroidTestRunner.java:175)
at android.test.InstrumentationTestRunner.onStart(InstrumentationTestRunner.java:555)
at android.app.Instrumentation$InstrumentationThread.run(Instrumentation.java:1665)
</StackTrace>
              </FailedScene>
            </Test>
            <Test name="testHoloInputMethod" result="fail" starttime="Mon Jun 17 16:06:28 CST 2013" endtime="Mon Jun 17 16:07:22 CST 2013">
              <FailedScene message="junit.framework.AssertionFailedError: Failed bitmap names: [holo_inputmethod_calendar_view, holo_inputmethod_calendar_view_feb] Check /storage/sdcard/cts-holo-assets/failed and /storage/sdcard/cts-holo-assets/diff for details.&#13;&#10;at android.holo.cts.HoloTest.runThemeTest(HoloTest.java:143)&#13;">
                <StackTrace>junit.framework.AssertionFailedError: Failed bitmap names: [holo_inputmethod_calendar_view, holo_inputmethod_calendar_view_feb] Check /storage/sdcard/cts-holo-assets/failed and /storage/sdcard/cts-holo-assets/diff for details.
at android.holo.cts.HoloTest.runThemeTest(HoloTest.java:143)
at android.holo.cts.HoloTest.testHoloInputMethod(HoloTest.java:63)
at java.lang.reflect.Method.invokeNative(Native Method)
at android.test.InstrumentationTestCase.runMethod(InstrumentationTestCase.java:214)
at android.test.InstrumentationTestCase.runTest(InstrumentationTestCase.java:199)
at android.test.ActivityInstrumentationTestCase2.runTest(ActivityInstrumentationTestCase2.java:192)
at android.test.AndroidTestRunner.runTest(AndroidTestRunner.java:190)
at android.test.AndroidTestRunner.runTest(AndroidTestRunner.java:175)
at android.test.InstrumentationTestRunner.onStart(InstrumentationTestRunner.java:555)
at android.app.Instrumentation$InstrumentationThread.run(Instrumentation.java:1665)
</StackTrace>
              </FailedScene>
            </Test>
            <Test name="testHoloLight" result="fail" starttime="Mon Jun 17 16:07:22 CST 2013" endtime="Mon Jun 17 16:08:18 CST 2013">
              <FailedScene message="junit.framework.AssertionFailedError: Failed bitmap names: [holo_light_calendar_view, holo_light_calendar_view_feb] Check /storage/sdcard/cts-holo-assets/failed and /storage/sdcard/cts-holo-assets/diff for details.&#13;&#10;at android.holo.cts.HoloTest.runThemeTest(HoloTest.java:143)&#13;">
                <StackTrace>junit.framework.AssertionFailedError: Failed bitmap names: [holo_light_calendar_view, holo_light_calendar_view_feb] Check /storage/sdcard/cts-holo-assets/failed and /storage/sdcard/cts-holo-assets/diff for details.
at android.holo.cts.HoloTest.runThemeTest(HoloTest.java:143)
at android.holo.cts.HoloTest.testHoloLight(HoloTest.java:67)
at java.lang.reflect.Method.invokeNative(Native Method)
at android.test.InstrumentationTestCase.runMethod(InstrumentationTestCase.java:214)
at android.test.InstrumentationTestCase.runTest(InstrumentationTestCase.java:199)
at android.test.ActivityInstrumentationTestCase2.runTest(ActivityInstrumentationTestCase2.java:192)
at android.test.AndroidTestRunner.runTest(AndroidTestRunner.java:190)
at android.test.AndroidTestRunner.runTest(AndroidTestRunner.java:175)
at android.test.InstrumentationTestRunner.onStart(InstrumentationTestRunner.java:555)
at android.app.Instrumentation$InstrumentationThread.run(Instrumentation.java:1665)
</StackTrace>
              </FailedScene>
            </Test>
            <Test name="testHoloLightDarkActionBar" result="fail" starttime="Mon Jun 17 16:08:18 CST 2013" endtime="Mon Jun 17 16:09:14 CST 2013">
              <FailedScene message="junit.framework.AssertionFailedError: Failed bitmap names: [holo_light_darkactionbar_calendar_view, holo_light_darkactionbar_calendar_view_feb] Check /storage/sdcard/cts-holo-assets/failed and /storage/sdcard/cts-holo-assets/diff for details.&#13;&#10;at android.holo.cts.HoloTest.runThemeTest(HoloTest.java:143)&#13;">
                <StackTrace>junit.framework.AssertionFailedError: Failed bitmap names: [holo_light_darkactionbar_calendar_view, holo_light_darkactionbar_calendar_view_feb] Check /storage/sdcard/cts-holo-assets/failed and /storage/sdcard/cts-holo-assets/diff for details.
at android.holo.cts.HoloTest.runThemeTest(HoloTest.java:143)
at android.holo.cts.HoloTest.testHoloLightDarkActionBar(HoloTest.java:71)
at java.lang.reflect.Method.invokeNative(Native Method)
at android.test.InstrumentationTestCase.runMethod(InstrumentationTestCase.java:214)
at android.test.InstrumentationTestCase.runTest(InstrumentationTestCase.java:199)
at android.test.ActivityInstrumentationTestCase2.runTest(ActivityInstrumentationTestCase2.java:192)
at android.test.AndroidTestRunner.runTest(AndroidTestRunner.java:190)
at android.test.AndroidTestRunner.runTest(AndroidTestRunner.java:175)
at android.test.InstrumentationTestRunner.onStart(InstrumentationTestRunner.java:555)
at android.app.Instrumentation$InstrumentationThread.run(Instrumentation.java:1665)
</StackTrace>
              </FailedScene>
            </Test>
            <Test name="testHoloLightDialog" result="fail" starttime="Mon Jun 17 16:09:14 CST 2013" endtime="Mon Jun 17 16:10:08 CST 2013">
              <FailedScene message="junit.framework.AssertionFailedError: Failed bitmap names: [holo_light_dialog_calendar_view, holo_light_dialog_calendar_view_feb] Check /storage/sdcard/cts-holo-assets/failed and /storage/sdcard/cts-holo-assets/diff for details.&#13;&#10;at android.holo.cts.HoloTest.runThemeTest(HoloTest.java:143)&#13;">
                <StackTrace>junit.framework.AssertionFailedError: Failed bitmap names: [holo_light_dialog_calendar_view, holo_light_dialog_calendar_view_feb] Check /storage/sdcard/cts-holo-assets/failed and /storage/sdcard/cts-holo-assets/diff for details.
at android.holo.cts.HoloTest.runThemeTest(HoloTest.java:143)
at android.holo.cts.HoloTest.testHoloLightDialog(HoloTest.java:75)
at java.lang.reflect.Method.invokeNative(Native Method)
at android.test.InstrumentationTestCase.runMethod(InstrumentationTestCase.java:214)
at android.test.InstrumentationTestCase.runTest(InstrumentationTestCase.java:199)
at android.test.ActivityInstrumentationTestCase2.runTest(ActivityInstrumentationTestCase2.java:192)
at android.test.AndroidTestRunner.runTest(AndroidTestRunner.java:190)
at android.test.AndroidTestRunner.runTest(AndroidTestRunner.java:175)
at android.test.InstrumentationTestRunner.onStart(InstrumentationTestRunner.java:555)
at android.app.Instrumentation$InstrumentationThread.run(Instrumentation.java:1665)
</StackTrace>
              </FailedScene>
            </Test>
            <Test name="testHoloLightDialogMinimumWidth" result="fail" starttime="Mon Jun 17 16:10:08 CST 2013" endtime="Mon Jun 17 16:11:03 CST 2013">
              <FailedScene message="junit.framework.AssertionFailedError: Failed bitmap names: [holo_light_dialog_minwidth_calendar_view, holo_light_dialog_minwidth_calendar_view_feb] Check /storage/sdcard/cts-holo-assets/failed and /storage/sdcard/cts-holo-assets/diff for details.&#13;&#10;at android.holo.cts.HoloTest.runThemeTest(HoloTest.java:143)&#13;">
                <StackTrace>junit.framework.AssertionFailedError: Failed bitmap names: [holo_light_dialog_minwidth_calendar_view, holo_light_dialog_minwidth_calendar_view_feb] Check /storage/sdcard/cts-holo-assets/failed and /storage/sdcard/cts-holo-assets/diff for details.
at android.holo.cts.HoloTest.runThemeTest(HoloTest.java:143)
at android.holo.cts.HoloTest.testHoloLightDialogMinimumWidth(HoloTest.java:79)
at java.lang.reflect.Method.invokeNative(Native Method)
at android.test.InstrumentationTestCase.runMethod(InstrumentationTestCase.java:214)
at android.test.InstrumentationTestCase.runTest(InstrumentationTestCase.java:199)
at android.test.ActivityInstrumentationTestCase2.runTest(ActivityInstrumentationTestCase2.java:192)
at android.test.AndroidTestRunner.runTest(AndroidTestRunner.java:190)
at android.test.AndroidTestRunner.runTest(AndroidTestRunner.java:175)
at android.test.InstrumentationTestRunner.onStart(InstrumentationTestRunner.java:555)
at android.app.Instrumentation$InstrumentationThread.run(Instrumentation.java:1665)
</StackTrace>
              </FailedScene>
            </Test>
            <Test name="testHoloLightDialogNoActionBar" result="fail" starttime="Mon Jun 17 16:11:03 CST 2013" endtime="Mon Jun 17 16:11:57 CST 2013">
              <FailedScene message="junit.framework.AssertionFailedError: Failed bitmap names: [holo_light_dialog_noactionbar_calendar_view, holo_light_dialog_noactionbar_calendar_view_feb] Check /storage/sdcard/cts-holo-assets/failed and /storage/sdcard/cts-holo-assets/diff for details.&#13;&#10;at android.holo.cts.HoloTest.runThemeTest(HoloTest.java:143)&#13;">
                <StackTrace>junit.framework.AssertionFailedError: Failed bitmap names: [holo_light_dialog_noactionbar_calendar_view, holo_light_dialog_noactionbar_calendar_view_feb] Check /storage/sdcard/cts-holo-assets/failed and /storage/sdcard/cts-holo-assets/diff for details.
at android.holo.cts.HoloTest.runThemeTest(HoloTest.java:143)
at android.holo.cts.HoloTest.testHoloLightDialogNoActionBar(HoloTest.java:83)
at java.lang.reflect.Method.invokeNative(Native Method)
at android.test.InstrumentationTestCase.runMethod(InstrumentationTestCase.java:214)
at android.test.InstrumentationTestCase.runTest(InstrumentationTestCase.java:199)
at android.test.ActivityInstrumentationTestCase2.runTest(ActivityInstrumentationTestCase2.java:192)
at android.test.AndroidTestRunner.runTest(AndroidTestRunner.java:190)
at android.test.AndroidTestRunner.runTest(AndroidTestRunner.java:175)
at android.test.InstrumentationTestRunner.onStart(InstrumentationTestRunner.java:555)
at android.app.Instrumentation$InstrumentationThread.run(Instrumentation.java:1665)
</StackTrace>
              </FailedScene>
            </Test>
            <Test name="testHoloLightDialogNoActionBarMinimumWidth" result="fail" starttime="Mon Jun 17 16:11:57 CST 2013" endtime="Mon Jun 17 16:12:51 CST 2013">
              <FailedScene message="junit.framework.AssertionFailedError: Failed bitmap names: [holo_light_dialog_noactionbar_minwidth_calendar_view, holo_light_dialog_noactionbar_minwidth_calendar_view_feb] Check /storage/sdcard/cts-holo-assets/failed and /storage/sdcard/cts-holo-assets/diff for details.&#13;&#10;at android.holo.cts.HoloTest.runThemeTest(HoloTest.java:143)&#13;">
                <StackTrace>junit.framework.AssertionFailedError: Failed bitmap names: [holo_light_dialog_noactionbar_minwidth_calendar_view, holo_light_dialog_noactionbar_minwidth_calendar_view_feb] Check /storage/sdcard/cts-holo-assets/failed and /storage/sdcard/cts-holo-assets/diff for details.
at android.holo.cts.HoloTest.runThemeTest(HoloTest.java:143)
at android.holo.cts.HoloTest.testHoloLightDialogNoActionBarMinimumWidth(HoloTest.java:87)
at java.lang.reflect.Method.invokeNative(Native Method)
at android.test.InstrumentationTestCase.runMethod(InstrumentationTestCase.java:214)
at android.test.InstrumentationTestCase.runTest(InstrumentationTestCase.java:199)
at android.test.ActivityInstrumentationTestCase2.runTest(ActivityInstrumentationTestCase2.java:192)
at android.test.AndroidTestRunner.runTest(AndroidTestRunner.java:190)
at android.test.AndroidTestRunner.runTest(AndroidTestRunner.java:175)
at android.test.InstrumentationTestRunner.onStart(InstrumentationTestRunner.java:555)
at android.app.Instrumentation$InstrumentationThread.run(Instrumentation.java:1665)
</StackTrace>
              </FailedScene>
            </Test>
            <Test name="testHoloLightDialogWhenLarge" result="fail" starttime="Mon Jun 17 16:12:51 CST 2013" endtime="Mon Jun 17 16:13:47 CST 2013">
              <FailedScene message="junit.framework.AssertionFailedError: Failed bitmap names: [holo_light_dialogwhenlarge_calendar_view, holo_light_dialogwhenlarge_calendar_view_feb] Check /storage/sdcard/cts-holo-assets/failed and /storage/sdcard/cts-holo-assets/diff for details.&#13;&#10;at android.holo.cts.HoloTest.runThemeTest(HoloTest.java:143)&#13;">
                <StackTrace>junit.framework.AssertionFailedError: Failed bitmap names: [holo_light_dialogwhenlarge_calendar_view, holo_light_dialogwhenlarge_calendar_view_feb] Check /storage/sdcard/cts-holo-assets/failed and /storage/sdcard/cts-holo-assets/diff for details.
at android.holo.cts.HoloTest.runThemeTest(HoloTest.java:143)
at android.holo.cts.HoloTest.testHoloLightDialogWhenLarge(HoloTest.java:91)
at java.lang.reflect.Method.invokeNative(Native Method)
at android.test.InstrumentationTestCase.runMethod(InstrumentationTestCase.java:214)
at android.test.InstrumentationTestCase.runTest(InstrumentationTestCase.java:199)
at android.test.ActivityInstrumentationTestCase2.runTest(ActivityInstrumentationTestCase2.java:192)
at android.test.AndroidTestRunner.runTest(AndroidTestRunner.java:190)
at android.test.AndroidTestRunner.runTest(AndroidTestRunner.java:175)
at android.test.InstrumentationTestRunner.onStart(InstrumentationTestRunner.java:555)
at android.app.Instrumentation$InstrumentationThread.run(Instrumentation.java:1665)
</StackTrace>
              </FailedScene>
            </Test>
            <Test name="testHoloLightDialogWhenLargeNoActionBar" result="fail" starttime="Mon Jun 17 16:13:47 CST 2013" endtime="Mon Jun 17 16:14:42 CST 2013">
              <FailedScene message="junit.framework.AssertionFailedError: Failed bitmap names: [holo_light_dialogwhenlarge_noactionbar_calendar_view, holo_light_dialogwhenlarge_noactionbar_calendar_view_feb] Check /storage/sdcard/cts-holo-assets/failed and /storage/sdcard/cts-holo-assets/diff for details.&#13;&#10;at android.holo.cts.HoloTest.runThemeTest(HoloTest.java:143)&#13;">
                <StackTrace>junit.framework.AssertionFailedError: Failed bitmap names: [holo_light_dialogwhenlarge_noactionbar_calendar_view, holo_light_dialogwhenlarge_noactionbar_calendar_view_feb] Check /storage/sdcard/cts-holo-assets/failed and /storage/sdcard/cts-holo-assets/diff for details.
at android.holo.cts.HoloTest.runThemeTest(HoloTest.java:143)
at android.holo.cts.HoloTest.testHoloLightDialogWhenLargeNoActionBar(HoloTest.java:95)
at java.lang.reflect.Method.invokeNative(Native Method)
at android.test.InstrumentationTestCase.runMethod(InstrumentationTestCase.java:214)
at android.test.InstrumentationTestCase.runTest(InstrumentationTestCase.java:199)
at android.test.ActivityInstrumentationTestCase2.runTest(ActivityInstrumentationTestCase2.java:192)
at android.test.AndroidTestRunner.runTest(AndroidTestRunner.java:190)
at android.test.AndroidTestRunner.runTest(AndroidTestRunner.java:175)
at android.test.InstrumentationTestRunner.onStart(InstrumentationTestRunner.java:555)
at android.app.Instrumentation$InstrumentationThread.run(Instrumentation.java:1665)
</StackTrace>
              </FailedScene>
            </Test>
            <Test name="testHoloLightNoActionBar" result="fail" starttime="Mon Jun 17 16:14:42 CST 2013" endtime="Mon Jun 17 16:15:36 CST 2013">
              <FailedScene message="junit.framework.AssertionFailedError: Failed bitmap names: [holo_light_noactionbar_calendar_view, holo_light_noactionbar_calendar_view_feb] Check /storage/sdcard/cts-holo-assets/failed and /storage/sdcard/cts-holo-assets/diff for details.&#13;&#10;at android.holo.cts.HoloTest.runThemeTest(HoloTest.java:143)&#13;">
                <StackTrace>junit.framework.AssertionFailedError: Failed bitmap names: [holo_light_noactionbar_calendar_view, holo_light_noactionbar_calendar_view_feb] Check /storage/sdcard/cts-holo-assets/failed and /storage/sdcard/cts-holo-assets/diff for details.
at android.holo.cts.HoloTest.runThemeTest(HoloTest.java:143)
at android.holo.cts.HoloTest.testHoloLightNoActionBar(HoloTest.java:99)
at java.lang.reflect.Method.invokeNative(Native Method)
at android.test.InstrumentationTestCase.runMethod(InstrumentationTestCase.java:214)
at android.test.InstrumentationTestCase.runTest(InstrumentationTestCase.java:199)
at android.test.ActivityInstrumentationTestCase2.runTest(ActivityInstrumentationTestCase2.java:192)
at android.test.AndroidTestRunner.runTest(AndroidTestRunner.java:190)
at android.test.AndroidTestRunner.runTest(AndroidTestRunner.java:175)
at android.test.InstrumentationTestRunner.onStart(InstrumentationTestRunner.java:555)
at android.app.Instrumentation$InstrumentationThread.run(Instrumentation.java:1665)
</StackTrace>
              </FailedScene>
            </Test>
            <Test name="testHoloLightNoActionBarFullscreen" result="fail" starttime="Mon Jun 17 16:15:36 CST 2013" endtime="Mon Jun 17 16:16:31 CST 2013">
              <FailedScene message="junit.framework.AssertionFailedError: Failed bitmap names: [holo_light_noactionbar_fullscreen_calendar_view, holo_light_noactionbar_fullscreen_calendar_view_feb] Check /storage/sdcard/cts-holo-assets/failed and /storage/sdcard/cts-holo-assets/diff for details.&#13;&#10;at android.holo.cts.HoloTest.runThemeTest(HoloTest.java:143)&#13;">
                <StackTrace>junit.framework.AssertionFailedError: Failed bitmap names: [holo_light_noactionbar_fullscreen_calendar_view, holo_light_noactionbar_fullscreen_calendar_view_feb] Check /storage/sdcard/cts-holo-assets/failed and /storage/sdcard/cts-holo-assets/diff for details.
at android.holo.cts.HoloTest.runThemeTest(HoloTest.java:143)
at android.holo.cts.HoloTest.testHoloLightNoActionBarFullscreen(HoloTest.java:103)
at java.lang.reflect.Method.invokeNative(Native Method)
at android.test.InstrumentationTestCase.runMethod(InstrumentationTestCase.java:214)
at android.test.InstrumentationTestCase.runTest(InstrumentationTestCase.java:199)
at android.test.ActivityInstrumentationTestCase2.runTest(ActivityInstrumentationTestCase2.java:192)
at android.test.AndroidTestRunner.runTest(AndroidTestRunner.java:190)
at android.test.AndroidTestRunner.runTest(AndroidTestRunner.java:175)
at android.test.InstrumentationTestRunner.onStart(InstrumentationTestRunner.java:555)
at android.app.Instrumentation$InstrumentationThread.run(Instrumentation.java:1665)
</StackTrace>
              </FailedScene>
            </Test>
            <Test name="testHoloLightPanel" result="fail" starttime="Mon Jun 17 16:16:31 CST 2013" endtime="Mon Jun 17 16:17:25 CST 2013">
              <FailedScene message="junit.framework.AssertionFailedError: Failed bitmap names: [holo_light_panel_calendar_view, holo_light_panel_calendar_view_feb] Check /storage/sdcard/cts-holo-assets/failed and /storage/sdcard/cts-holo-assets/diff for details.&#13;&#10;at android.holo.cts.HoloTest.runThemeTest(HoloTest.java:143)&#13;">
                <StackTrace>junit.framework.AssertionFailedError: Failed bitmap names: [holo_light_panel_calendar_view, holo_light_panel_calendar_view_feb] Check /storage/sdcard/cts-holo-assets/failed and /storage/sdcard/cts-holo-assets/diff for details.
at android.holo.cts.HoloTest.runThemeTest(HoloTest.java:143)
at android.holo.cts.HoloTest.testHoloLightPanel(HoloTest.java:107)
at java.lang.reflect.Method.invokeNative(Native Method)
at android.test.InstrumentationTestCase.runMethod(InstrumentationTestCase.java:214)
at android.test.InstrumentationTestCase.runTest(InstrumentationTestCase.java:199)
at android.test.ActivityInstrumentationTestCase2.runTest(ActivityInstrumentationTestCase2.java:192)
at android.test.AndroidTestRunner.runTest(AndroidTestRunner.java:190)
at android.test.AndroidTestRunner.runTest(AndroidTestRunner.java:175)
at android.test.InstrumentationTestRunner.onStart(InstrumentationTestRunner.java:555)
at android.app.Instrumentation$InstrumentationThread.run(Instrumentation.java:1665)
</StackTrace>
              </FailedScene>
            </Test>
            <Test name="testHoloNoActionBar" result="fail" starttime="Mon Jun 17 16:17:25 CST 2013" endtime="Mon Jun 17 16:18:19 CST 2013">
              <FailedScene message="junit.framework.AssertionFailedError: Failed bitmap names: [holo_noactionbar_calendar_view, holo_noactionbar_calendar_view_feb] Check /storage/sdcard/cts-holo-assets/failed and /storage/sdcard/cts-holo-assets/diff for details.&#13;&#10;at android.holo.cts.HoloTest.runThemeTest(HoloTest.java:143)&#13;">
                <StackTrace>junit.framework.AssertionFailedError: Failed bitmap names: [holo_noactionbar_calendar_view, holo_noactionbar_calendar_view_feb] Check /storage/sdcard/cts-holo-assets/failed and /storage/sdcard/cts-holo-assets/diff for details.
at android.holo.cts.HoloTest.runThemeTest(HoloTest.java:143)
at android.holo.cts.HoloTest.testHoloNoActionBar(HoloTest.java:111)
at java.lang.reflect.Method.invokeNative(Native Method)
at android.test.InstrumentationTestCase.runMethod(InstrumentationTestCase.java:214)
at android.test.InstrumentationTestCase.runTest(InstrumentationTestCase.java:199)
at android.test.ActivityInstrumentationTestCase2.runTest(ActivityInstrumentationTestCase2.java:192)
at android.test.AndroidTestRunner.runTest(AndroidTestRunner.java:190)
at android.test.AndroidTestRunner.runTest(AndroidTestRunner.java:175)
at android.test.InstrumentationTestRunner.onStart(InstrumentationTestRunner.java:555)
at android.app.Instrumentation$InstrumentationThread.run(Instrumentation.java:1665)
</StackTrace>
              </FailedScene>
            </Test>
            <Test name="testHoloNoActionBarFullscreen" result="fail" starttime="Mon Jun 17 16:18:19 CST 2013" endtime="Mon Jun 17 16:19:14 CST 2013">
              <FailedScene message="junit.framework.AssertionFailedError: Failed bitmap names: [holo_noactionbar_fullscreen_calendar_view, holo_noactionbar_fullscreen_calendar_view_feb] Check /storage/sdcard/cts-holo-assets/failed and /storage/sdcard/cts-holo-assets/diff for details.&#13;&#10;at android.holo.cts.HoloTest.runThemeTest(HoloTest.java:143)&#13;">
                <StackTrace>junit.framework.AssertionFailedError: Failed bitmap names: [holo_noactionbar_fullscreen_calendar_view, holo_noactionbar_fullscreen_calendar_view_feb] Check /storage/sdcard/cts-holo-assets/failed and /storage/sdcard/cts-holo-assets/diff for details.
at android.holo.cts.HoloTest.runThemeTest(HoloTest.java:143)
at android.holo.cts.HoloTest.testHoloNoActionBarFullscreen(HoloTest.java:115)
at java.lang.reflect.Method.invokeNative(Native Method)
at android.test.InstrumentationTestCase.runMethod(InstrumentationTestCase.java:214)
at android.test.InstrumentationTestCase.runTest(InstrumentationTestCase.java:199)
at android.test.ActivityInstrumentationTestCase2.runTest(ActivityInstrumentationTestCase2.java:192)
at android.test.AndroidTestRunner.runTest(AndroidTestRunner.java:190)
at android.test.AndroidTestRunner.runTest(AndroidTestRunner.java:175)
at android.test.InstrumentationTestRunner.onStart(InstrumentationTestRunner.java:555)
at android.app.Instrumentation$InstrumentationThread.run(Instrumentation.java:1665)
</StackTrace>
              </FailedScene>
            </Test>
            <Test name="testHoloPanel" result="fail" starttime="Mon Jun 17 16:19:14 CST 2013" endtime="Mon Jun 17 16:20:08 CST 2013">
              <FailedScene message="junit.framework.AssertionFailedError: Failed bitmap names: [holo_panel_calendar_view, holo_panel_calendar_view_feb] Check /storage/sdcard/cts-holo-assets/failed and /storage/sdcard/cts-holo-assets/diff for details.&#13;&#10;at android.holo.cts.HoloTest.runThemeTest(HoloTest.java:143)&#13;">
                <StackTrace>junit.framework.AssertionFailedError: Failed bitmap names: [holo_panel_calendar_view, holo_panel_calendar_view_feb] Check /storage/sdcard/cts-holo-assets/failed and /storage/sdcard/cts-holo-assets/diff for details.
at android.holo.cts.HoloTest.runThemeTest(HoloTest.java:143)
at android.holo.cts.HoloTest.testHoloPanel(HoloTest.java:119)
at java.lang.reflect.Method.invokeNative(Native Method)
at android.test.InstrumentationTestCase.runMethod(InstrumentationTestCase.java:214)
at android.test.InstrumentationTestCase.runTest(InstrumentationTestCase.java:199)
at android.test.ActivityInstrumentationTestCase2.runTest(ActivityInstrumentationTestCase2.java:192)
at android.test.AndroidTestRunner.runTest(AndroidTestRunner.java:190)
at android.test.AndroidTestRunner.runTest(AndroidTestRunner.java:175)
at android.test.InstrumentationTestRunner.onStart(InstrumentationTestRunner.java:555)
at android.app.Instrumentation$InstrumentationThread.run(Instrumentation.java:1665)
</StackTrace>
              </FailedScene>
            </Test>
            <Test name="testHoloWallpaper" result="fail" starttime="Mon Jun 17 16:20:08 CST 2013" endtime="Mon Jun 17 16:21:03 CST 2013">
              <FailedScene message="junit.framework.AssertionFailedError: Failed bitmap names: [holo_wallpaper_calendar_view, holo_wallpaper_calendar_view_feb] Check /storage/sdcard/cts-holo-assets/failed and /storage/sdcard/cts-holo-assets/diff for details.&#13;&#10;at android.holo.cts.HoloTest.runThemeTest(HoloTest.java:143)&#13;">
                <StackTrace>junit.framework.AssertionFailedError: Failed bitmap names: [holo_wallpaper_calendar_view, holo_wallpaper_calendar_view_feb] Check /storage/sdcard/cts-holo-assets/failed and /storage/sdcard/cts-holo-assets/diff for details.
at android.holo.cts.HoloTest.runThemeTest(HoloTest.java:143)
at android.holo.cts.HoloTest.testHoloWallpaper(HoloTest.java:123)
at java.lang.reflect.Method.invokeNative(Native Method)
at android.test.InstrumentationTestCase.runMethod(InstrumentationTestCase.java:214)
at android.test.InstrumentationTestCase.runTest(InstrumentationTestCase.java:199)
at android.test.ActivityInstrumentationTestCase2.runTest(ActivityInstrumentationTestCase2.java:192)
at android.test.AndroidTestRunner.runTest(AndroidTestRunner.java:190)
at android.test.AndroidTestRunner.runTest(AndroidTestRunner.java:175)
at android.test.InstrumentationTestRunner.onStart(InstrumentationTestRunner.java:555)
at android.app.Instrumentation$InstrumentationThread.run(Instrumentation.java:1665)
</StackTrace>
              </FailedScene>
            </Test>
            <Test name="testHoloWallpaperNoTitleBar" result="fail" starttime="Mon Jun 17 16:21:03 CST 2013" endtime="Mon Jun 17 16:21:56 CST 2013">
              <FailedScene message="junit.framework.AssertionFailedError: Failed bitmap names: [holo_wallpaper_notitlebar_calendar_view, holo_wallpaper_notitlebar_calendar_view_feb] Check /storage/sdcard/cts-holo-assets/failed and /storage/sdcard/cts-holo-assets/diff for details.&#13;&#10;at android.holo.cts.HoloTest.runThemeTest(HoloTest.java:143)&#13;">
                <StackTrace>junit.framework.AssertionFailedError: Failed bitmap names: [holo_wallpaper_notitlebar_calendar_view, holo_wallpaper_notitlebar_calendar_view_feb] Check /storage/sdcard/cts-holo-assets/failed and /storage/sdcard/cts-holo-assets/diff for details.
at android.holo.cts.HoloTest.runThemeTest(HoloTest.java:143)
at android.holo.cts.HoloTest.testHoloWallpaperNoTitleBar(HoloTest.java:127)
at java.lang.reflect.Method.invokeNative(Native Method)
at android.test.InstrumentationTestCase.runMethod(InstrumentationTestCase.java:214)
at android.test.InstrumentationTestCase.runTest(InstrumentationTestCase.java:199)
at android.test.ActivityInstrumentationTestCase2.runTest(ActivityInstrumentationTestCase2.java:192)
at android.test.AndroidTestRunner.runTest(AndroidTestRunner.java:190)
at android.test.AndroidTestRunner.runTest(AndroidTestRunner.java:175)
at android.test.InstrumentationTestRunner.onStart(InstrumentationTestRunner.java:555)
at android.app.Instrumentation$InstrumentationThread.run(Instrumentation.java:1665)
</StackTrace>
              </FailedScene>
            </Test>
          </TestCase>
        </TestSuite>
      </TestSuite>
    </TestSuite>
  </TestPackage>
</TestResult>