<?xml version="1.0" encoding="UTF-8"?>
<TestPlan version="1.0">
  <Entry uri="android.acceleration"/>
  <Entry uri="android.accessibilityservice"/>
  <Entry uri="android.accessibility"/>
  <Entry uri="android.accounts"/>
  <Entry uri="android.admin"/>
  <Entry uri="android.animation"/>
  <Entry uri="android.tests.appsecurity"/>
  <Entry uri="android.app"/>
  <Entry uri="android.bluetooth"/>
  <Entry uri="android.content"/>
  <Entry uri="android.database"/>
  <Entry uri="android.dpi"/>
  <Entry uri="android.dpi2"/>
  <Entry uri="android.drm"/>
  <Entry uri="android.effect"/>
  <Entry uri="android.example"/>
  <Entry uri="android.gesture"/>
  <Entry uri="android.graphics2"/>
  <Entry uri="android.graphics"/>
  <Entry uri="android.hardware"/>
  <Entry uri="android.holo"/>
  <Entry uri="android.jni"/>
  <Entry uri="android.location"/>
  <Entry uri="android.mediastress"/>
  <Entry uri="android.media"/>
  <Entry uri="android.monkey"/>
  <Entry uri="android.ndef"/>
  <Entry uri="android.net"/>
  <Entry uri="android.opengl"/>
  <Entry uri="android.openglperf"/>
  <Entry uri="android.os"/>
  <Entry uri="android.permission2"/>
  <Entry uri="android.permission"/>
  <Entry uri="android.preference2"/>
  <Entry uri="android.preference"/>
  <Entry uri="android.provider"/>
  <Entry uri="android.renderscript"/>
  <Entry uri="android.sax"/>
  <Entry uri="android.security"/>
  <Entry uri="android.speech"/>
  <Entry uri="android.telephony"/>
  <Entry uri="android.text"/>
  <Entry uri="android.textureview"/>
  <Entry uri="android.theme"/>
  <Entry uri="android.uiautomator"/>
  <Entry uri="android.util"/>
  <Entry uri="android.view"/>
  <Entry uri="android.webkit"/>
  <Entry uri="android.widget"/>
  <Entry uri="android.nativemedia.sl"/>
  <Entry uri="android.nativemedia.xa"/>
</TestPlan>
