<?xml version='1.0' encoding='UTF-8' standalone='no' ?><?xml-stylesheet type="text/xsl"  href="cts_result.xsl"?>
<TestResult testPlan="NA" starttime="Fri Jun 14 15:38:04 CST 2013" endtime="Fri Jun 14 15:38:05 CST 2013" version="1.13">
  <DeviceInfo />
  <HostInfo name="USI23375-012319">
    <Os name="Windows 7" version="6.1" arch="amd64" />
    <Java name="Oracle Corporation" version="1.7.0_21" />
    <Cts version="4.1_r3">
      <IntValue name="testStatusTimeoutMs" value="600000" />
    </Cts>
  </HostInfo>
  <Summary failed="0" notExecuted="0" timeout="0" pass="0" />
</TestResult>