<?xml version="1.0" encoding="UTF-8"?>
<TestPackage appPackageName="android.tests.appsecurity" name="CtsAppSecurityTests" testType="hostSideOnly" jarPath="CtsAppSecurityTests.jar" version="1.0">
<TestSuite name="com">
<TestSuite name="android">
<TestSuite name="cts">
<TestSuite name="appsecurity">
<TestCase name="AppSecurityTests">
<Test name="testSharedUidDifferentCerts" />
<Test name="testAppUpgradeDifferentCerts" />
<Test name="testAppFailAccessPrivateData" />
<Test name="testReadExternalStorageUnenforced" expectation="failure" />
<Test name="testUninstallRemovesData" />
<Test name="testInstrumentationDiffCert" />
<Test name="testPermissionDiffCert" />
</TestCase>
</TestSuite>
</TestSuite>
</TestSuite>
</TestSuite>
</TestPackage>
