<?xml version="1.0" encoding="UTF-8"?>
<TestPackage appNameSpace="com.android.cts.admin" appPackageName="android.admin" name="CtsAdminTestCases" runner="android.test.InstrumentationCtsTestRunner" targetBinaryName="CtsDeviceAdmin" targetNameSpace="android.deviceadmin.cts" version="1.0">
<TestSuite name="android">
<TestSuite name="admin">
<TestSuite name="cts">
<TestCase name="DevicePolicyManagerTest">
<Test name="testGetActiveAdmins" />
<Test name="testGetMaximumFailedPasswordsForWipe" />
<Test name="testPasswordQuality_something" />
<Test name="testPasswordQuality_numeric" />
<Test name="testPasswordQuality_alphabetic" />
<Test name="testPasswordQuality_alphanumeric" />
<Test name="testAndroidTestCaseSetupProperly" />
</TestCase>
<TestCase name="DeviceAdminInfoTest">
<Test name="testDeviceAdminInfo" />
<Test name="testDeviceAdminInfo2" />
<Test name="testAndroidTestCaseSetupProperly" />
</TestCase>
<TestCase name="DeviceAdminReceiverTest">
<Test name="testOnReceive" />
<Test name="testAndroidTestCaseSetupProperly" />
</TestCase>
</TestSuite>
</TestSuite>
</TestSuite>
</TestPackage>
