<?xml version="1.0" encoding="UTF-8"?>
<TestPackage appNameSpace="com.android.cts.app" appPackageName="android.app" name="CtsAppTestCases" runner="android.test.InstrumentationCtsTestRunner" targetBinaryName="CtsTestStubs" targetNameSpace="com.android.cts.stub" version="1.0">
<TestSuite name="android">
<TestSuite name="app">
<TestSuite name="cts">
<TestCase name="PendingIntentTest">
<Test name="testGetActivity" />
<Test name="testGetBroadcast" />
<Test name="testGetService" />
<Test name="testCancel" />
<Test name="testSend" />
<Test name="testSendWithParamInt" />
<Test name="testSendWithParamContextIntIntent" />
<Test name="testSendWithParamIntOnFinishedHandler" />
<Test name="testSendWithParamContextIntIntentOnFinishedHandler" />
<Test name="testGetTargetPackage" />
<Test name="testEquals" />
<Test name="testDescribeContents" />
<Test name="testWriteToParcel" />
<Test name="testReadAndWritePendingIntentOrNullToParcel" />
<Test name="testAndroidTestCaseSetupProperly" />
</TestCase>
<TestCase name="ActivityManagerRecentTaskInfoTest">
<Test name="testConstructor" />
<Test name="testDescribeContents" />
<Test name="testWriteToParcel" />
<Test name="testReadFromParcel" />
<Test name="testAndroidTestCaseSetupProperly" />
</TestCase>
<TestCase name="ActionBarTest">
<Test name="testAddTab" />
</TestCase>
<TestCase name="LifecycleTest">
<Test name="testTabDialog" />
<Test name="testDialog" />
<Test name="testTabScreen" />
<Test name="testScreen" />
<Test name="testTabBasic" />
<Test name="testBasic" />
<Test name="testAndroidTestCaseSetupProperly" />
</TestCase>
<TestCase name="TimePickerDialogTest">
<Test name="testSaveInstanceState" />
<Test name="testOnClick" />
<Test name="testOnTimeChanged" />
<Test name="testUpdateTime" />
<Test name="testOnRestoreInstanceState" />
</TestCase>
<TestCase name="LocalActivityManagerTest">
<Test name="testConstructor" />
<Test name="testDispatchResume" />
<Test name="testStartActivity" />
<Test name="testDispatchCreate" />
<Test name="testDispatchStop" />
<Test name="testDispatchPauseTrue" />
<Test name="testDispatchPauseFalse" />
<Test name="testSaveInstanceState" />
<Test name="testDispatchDestroy" />
<Test name="testRemoveAllActivities" />
</TestCase>
<TestCase name="InstrumentationTest">
<Test name="testConstructor" />
<Test name="testMonitor" />
<Test name="testCallActivityOnCreate" />
<Test name="testAllocCounting" />
<Test name="testSendTrackballEventSync" />
<Test name="testCallApplicationOnCreate" />
<Test name="testContext" />
<Test name="testInvokeMenuActionSync" />
<Test name="testCallActivityOnPostCreate" />
<Test name="testCallActivityOnNewIntent" />
<Test name="testCallActivityOnResume" />
<Test name="testMisc" />
<Test name="testPerformanceSnapshot" />
<Test name="testProfiling" />
<Test name="testInvokeContextMenuAction" />
<Test name="testSendStringSync" />
<Test name="testCallActivityOnSaveInstanceState" />
<Test name="testSendPointerSync" />
<Test name="testGetComponentName" />
<Test name="testNewApplication" />
<Test name="testRunOnMainSync" />
<Test name="testCallActivityOnPause" />
<Test name="testSendKeyDownUpSync" />
<Test name="testNewActivity" />
<Test name="testCallActivityOnStart" />
<Test name="testWaitForIdle" />
<Test name="testSendCharacterSync" />
<Test name="testCallActivityOnRestart" />
<Test name="testCallActivityOnStop" />
<Test name="testCallActivityOnUserLeaving" />
<Test name="testCallActivityOnRestoreInstanceState" />
<Test name="testSendKeySync" />
</TestCase>
<TestCase name="AlertDialog_BuilderTest">
<Test name="testConstructor" />
<Test name="testSetIconWithParamInt" />
<Test name="testSetIconWithParamDrawable" />
<Test name="testSetPositiveButtonWithParamInt" />
<Test name="testSetPositiveButtonWithParamCharSequence" />
<Test name="testSetNegativeButtonWithParamCharSequence" />
<Test name="testSetNegativeButtonWithParamInt" />
<Test name="testSetNeutralButtonWithParamInt" />
<Test name="testSetNeutralButtonWithParamCharSequence" />
<Test name="testSetCancelable" />
<Test name="testDisableCancelable" />
<Test name="testSetOnCancelListener" />
<Test name="testSetOnKeyListener" />
<Test name="testSetItemsWithParamInt" />
<Test name="testSetItemsWithParamCharSequence" />
<Test name="testSetAdapter" />
<Test name="testSetCursor" />
<Test name="testSetMultiChoiceItemsWithParamInt" />
<Test name="testSetMultiChoiceItemsWithParamCharSequence" />
<Test name="testSetMultiChoiceItemsWithParamCursor" />
<Test name="testSetSingleChoiceItemsWithParamInt" />
<Test name="testSetSingleChoiceItemsWithParamCursor" />
<Test name="testSetSingleChoiceItemsWithParamCharSequence" />
<Test name="testSetSingleChoiceItems" />
<Test name="testSetOnItemSelectedListener" />
<Test name="testSetView" />
<Test name="testSetViewCustom" />
<Test name="testSetInverseBackgroundForced" />
<Test name="testCreate" />
<Test name="testShow" />
</TestCase>
<TestCase name="ActivityManager_RunningServiceInfoTest">
<Test name="testConstructor" />
<Test name="testDescribeContents" />
<Test name="testWriteToParcel" />
<Test name="testReadFromParcel" />
<Test name="testAndroidTestCaseSetupProperly" />
</TestCase>
<TestCase name="ActivityManagerMemoryClassTest">
<Test name="testGetMemoryClass" />
</TestCase>
<TestCase name="ActivityManagerTest">
<Test name="testGetRecentTasks" />
<Test name="testGetRunningTasks" />
<Test name="testGetRunningServices" />
<Test name="testGetMemoryInfo" />
<Test name="testGetRunningAppProcesses" />
<Test name="testGetProcessInErrorState" />
<Test name="testRestartPackage" />
<Test name="testGetDeviceConfigurationInfo" />
<Test name="testIsUserAMonkey" />
<Test name="testIsRunningInTestHarness" />
</TestCase>
<TestCase name="ApplicationTest">
<Test name="testApplication" />
</TestCase>
<TestCase name="NotificationTest">
<Test name="testConstructor" />
<Test name="testDescribeContents" />
<Test name="testWriteToParcel" />
<Test name="testSetLatestEventInfo" />
<Test name="testToString" />
<Test name="testAndroidTestCaseSetupProperly" />
</TestCase>
<TestCase name="ServiceTest">
<Test name="testLocalStartClass" />
<Test name="testLocalStartAction" />
<Test name="testLocalBindClass" />
<Test name="testLocalBindAction" />
<Test name="testLocalBindAutoClass" />
<Test name="testLocalBindAutoAction" />
<Test name="testLocalStartClassPermissions" />
<Test name="testLocalStartActionPermissions" />
<Test name="testLocalBindClassPermissions" />
<Test name="testLocalBindActionPermissions" />
<Test name="testLocalBindAutoClassPermissionGranted" />
<Test name="testLocalBindAutoActionPermissionGranted" />
<Test name="testLocalUnbindTwice" />
<Test name="testAndroidTestCaseSetupProperly" />
</TestCase>
<TestCase name="ActivityManagerMemoryInfoTest">
<Test name="testDescribeContents" />
<Test name="testWriteToParcel" />
<Test name="testReadFromParcel" />
<Test name="testAndroidTestCaseSetupProperly" />
</TestCase>
<TestCase name="NotificationManagerTest">
<Test name="testNotify" />
<Test name="testCancel" />
<Test name="testCancelAll" />
<Test name="testAndroidTestCaseSetupProperly" />
</TestCase>
<TestCase name="AlarmManagerTest">
<Test name="testSetTypes" />
<Test name="testAlarmTriggersImmediatelyIfSetTimeIsNegative" />
<Test name="testSetRepeating" />
<Test name="testCancel" />
<Test name="testSetInexactRepeating" />
<Test name="testAndroidTestCaseSetupProperly" />
</TestCase>
<TestCase name="WallpaperManagerTest">
<Test name="testSuggestDesiredDimensions" />
<Test name="testAndroidTestCaseSetupProperly" />
</TestCase>
<TestCase name="DownloadManagerTest">
<Test name="testDownloadManager" />
<Test name="testMinimumDownload" />
<Test name="testDownloadManagerDestination" />
<Test name="testDownloadManagerDestinationExtension" />
<Test name="testAndroidTestCaseSetupProperly" />
</TestCase>
<TestCase name="SearchManagerTest">
<Test name="testStopSearch" />
<Test name="testSetOnDismissListener" />
<Test name="testSetOnCancelListener" />
</TestCase>
<TestCase name="CTSActivityTestCaseBase">
</TestCase>
<TestCase name="PendingIntent_CanceledExceptionTest">
<Test name="testConstructor" />
<Test name="testAndroidTestCaseSetupProperly" />
</TestCase>
<TestCase name="AliasActivityTest">
<Test name="testAliasActivity" />
<Test name="testAndroidTestCaseSetupProperly" />
</TestCase>
<TestCase name="ExpandableListActivityTest">
<Test name="testSelect" />
<Test name="testView" />
<Test name="testCallback" />
<Test name="testAndroidTestCaseSetupProperly" />
</TestCase>
<TestCase name="ActivityGroupTest">
<Test name="testTabBasic" />
<Test name="testTabScreen" />
<Test name="testTabDialog" />
<Test name="testAndroidTestCaseSetupProperly" />
</TestCase>
<TestCase name="KeyguardManagerKeyguardLockTest">
<Test name="testDisableKeyguard" />
<Test name="testReenableKeyguard" />
</TestCase>
<TestCase name="AlertDialogTest">
<Test name="testAlertDialog" />
<Test name="testAlertDialogDeprecatedAPI" />
<Test name="testAlertDialogDeprecatedAPIWithMessage" />
<Test name="testCustomAlertDialog" />
<Test name="testCustomAlertDialogView" />
<Test name="testCallback" />
<Test name="testAlertDialogTheme" />
<Test name="testAlertDialogCancelable" />
<Test name="testAlertDialogNotCancelable" />
</TestCase>
<TestCase name="Instrumentation_ActivityResultTest">
<Test name="testActivityResultOp" />
<Test name="testAndroidTestCaseSetupProperly" />
</TestCase>
<TestCase name="LauncherActivityTest">
<Test name="testLaunchActivity" />
</TestCase>
<TestCase name="DialogTest">
<Test name="testConstructor" />
<Test name="testConstructor_protectedCancellable" />
<Test name="testConstructor_protectedNotCancellable" />
<Test name="testOnStartCreateStop" />
<Test name="testAccessOwnerActivity" />
<Test name="testShow" />
<Test name="testOnSaveInstanceState" />
<Test name="testGetCurrentFocus" />
<Test name="testSetContentView" />
<Test name="testSetTitle" />
<Test name="testOnKeyDownKeyUp" />
<Test name="testOnKeyMultiple" />
<Test name="testTouchEvent" />
<Test name="testTrackballEvent" />
<Test name="testOnWindowAttributesChanged" />
<Test name="testOnContentChanged" />
<Test name="testOnWindowFocusChanged" />
<Test name="testDispatchKeyEvent" />
<Test name="testContextMenu" />
<Test name="testOnSearchRequested" />
<Test name="testTakeKeyEvents" />
<Test name="testRequestWindowFeature" />
<Test name="testSetFeatureDrawableResource" />
<Test name="testSetFeatureDrawableUri" />
<Test name="testSetFeatureDrawable" />
<Test name="testSetFeatureDrawableAlpha" />
<Test name="testGetLayoutInflater" />
<Test name="testSetCancelable_true" />
<Test name="testSetCancellable_false" />
<Test name="testCancel_listener" />
<Test name="testCancel_noListener" />
<Test name="testSetCancelMessage" />
<Test name="testSetOnDismissListener_listener" />
<Test name="testSetOnDismissListener_noListener" />
<Test name="testSetDismissMessage" />
</TestCase>
<TestCase name="SystemFeaturesTest">
<Test name="testFeatureNamespaces" />
<Test name="testBluetoothFeature" />
<Test name="testCameraFeatures" />
<Test name="testLiveWallpaperFeature" />
<Test name="testLocationFeatures" />
<Test name="testNfcFeatures" />
<Test name="testScreenFeatures" />
<Test name="testSensorFeatures" />
<Test name="testSipFeatures" />
<Test name="testTelephonyFeatures" />
<Test name="testTouchScreenFeatures" />
<Test name="testUsbAccessory" />
<Test name="testWifiFeature" />
</TestCase>
<TestCase name="LaunchTest">
<Test name="testClearTopWhilResumed" />
<Test name="testClearTopInCreate" />
<Test name="testForwardResult" />
<Test name="testLocalScreen" />
<Test name="testColdScreen" />
<Test name="testLocalActivity" />
<Test name="testColdActivity" />
<Test name="testAndroidTestCaseSetupProperly" />
</TestCase>
<TestCase name="IntentServiceTest">
<Test name="testIntents" />
<Test name="testIntentServiceLifeCycle" />
<Test name="testAndroidTestCaseSetupProperly" />
</TestCase>
<TestCase name="LauncherActivity_ListItemTest">
<Test name="testConstructor" />
<Test name="testAndroidTestCaseSetupProperly" />
</TestCase>
<TestCase name="LauncherActivity_IconResizerTest">
<Test name="testIconResizer" />
</TestCase>
<TestCase name="ActivityManagerRunningTaskInfoTest">
<Test name="testConstructor" />
<Test name="testDescribeContents" />
<Test name="testWriteToParcel" />
<Test name="testReadFromParcel" />
<Test name="testAndroidTestCaseSetupProperly" />
</TestCase>
<TestCase name="ProgressDialogTest">
<Test name="testProgressDialog1" />
<Test name="testProgressDialog2" />
<Test name="testOnStartCreateStop" />
<Test name="testShow1" />
<Test name="testShow2" />
<Test name="testShow3" />
<Test name="testShow4" />
<Test name="testAccessMax" />
<Test name="testAccessProgress" />
<Test name="testAccessSecondaryProgress" />
<Test name="testSetIndeterminate" />
<Test name="testIncrementProgressBy" />
<Test name="testIncrementSecondaryProgressBy" />
<Test name="testSetProgressDrawable" />
<Test name="testSetIndeterminateDrawable" />
<Test name="testSetMessage" />
<Test name="testSetProgressStyle" />
</TestCase>
<TestCase name="Instrumentation_ActivityMonitorTest">
<Test name="testActivityMonitor" />
</TestCase>
<TestCase name="TabActivityTest">
<Test name="testTabActivity" />
<Test name="testChildTitleCallback" />
</TestCase>
<TestCase name="ActivityManager_RunningAppProcessInfoTest">
<Test name="testRunningAppProcessInfo" />
<Test name="testAndroidTestCaseSetupProperly" />
</TestCase>
<TestCase name="KeyguardManagerTest">
<Test name="testNewKeyguardLock" />
<Test name="testInKeyguardRestrictedInputMode" />
<Test name="testExitKeyguardSecurely" />
</TestCase>
<TestCase name="ActivityManagerProcessErrorStateInfoTest">
<Test name="testConstructor" />
<Test name="testDescribeContents" />
<Test name="testWriteToParcel" />
<Test name="testReadFromParcel" />
<Test name="testAndroidTestCaseSetupProperly" />
</TestCase>
</TestSuite>
<TestSuite name="backup">
<TestSuite name="cts">
<TestCase name="BackupAgentTest">
<Test name="testBackupAgent" />
<Test name="testAndroidTestCaseSetupProperly" />
</TestCase>
<TestCase name="FileBackupHelperTest">
<Test name="testConstructor" />
<Test name="testAndroidTestCaseSetupProperly" />
</TestCase>
<TestCase name="SharedPreferencesBackupHelperTest">
<Test name="testConstructor" />
<Test name="testAndroidTestCaseSetupProperly" />
</TestCase>
<TestCase name="BackupAgentHelperTest">
<Test name="testBackupAgentHelper" />
<Test name="testAndroidTestCaseSetupProperly" />
</TestCase>
<TestCase name="BackupManagerTest">
<Test name="testBackupManager" />
<Test name="testAndroidTestCaseSetupProperly" />
</TestCase>
</TestSuite>
</TestSuite>
</TestSuite>
</TestSuite>
</TestPackage>
