<?xml version="1.0" encoding="UTF-8"?>
<TestPackage appNameSpace="android.view.cts.accessibility" appPackageName="android.accessibility" name="CtsAccessibilityTestCases" runner="android.test.InstrumentationCtsTestRunner" testType="com.android.cts.tradefed.testtype.AccessibilityTestRunner" version="1.0">
<TestSuite name="android">
<TestSuite name="view">
<TestSuite name="accessibility">
<TestSuite name="cts">
<TestCase name="AccessibilityNodeInfoTest">
<Test name="testMarshaling" />
<Test name="testReuse" />
<Test name="testRecycle" />
<Test name="testDescribeContents" />
<Test name="testAndroidTestCaseSetupProperly" />
</TestCase>
<TestCase name="AccessibilityEventTest">
<Test name="testNoNewFieldsAddedWithoutUpdadingMarshallTests" />
<Test name="testMarshaling" />
<Test name="testReuse" />
<Test name="testRecycle" />
<Test name="testEventTypeToString" />
<Test name="testDescribeContents" />
<Test name="testMarshaling2" />
</TestCase>
<TestCase name="AccessibilityRecordTest">
<Test name="testNoNewFieldsAddedWithoutUpdadingMarshallTests" />
<Test name="testObtain" />
<Test name="testRecycle" />
<Test name="testAndroidTestCaseSetupProperly" />
</TestCase>
<TestCase name="AccessibilityManagerTest">
<Test name="testAddAndRemoveAccessibilityStateChangeListener" />
<Test name="testIsTouchExplorationEnabled" />
<Test name="testGetInstalledAccessibilityServicesList" />
<Test name="testGetEnabledAccessibilityServiceList" />
<Test name="testGetEnabledAccessibilityServiceListForType" />
<Test name="testGetAccessibilityServiceList" />
<Test name="testInterrupt" />
<Test name="testSendAccessibilityEvent" />
<Test name="testAndroidTestCaseSetupProperly" />
</TestCase>
</TestSuite>
</TestSuite>
</TestSuite>
</TestSuite>
</TestPackage>
