<?xml version="1.0" encoding="UTF-8"?>
<TestPackage appNameSpace="android.accounts.cts" appPackageName="android.accounts" name="CtsAccountManagerTestCases" runner="android.test.InstrumentationCtsTestRunner" version="1.0">
<TestSuite name="android">
<TestSuite name="accounts">
<TestSuite name="cts">
<TestCase name="AccountManagerTest">
<Test name="testGet" />
<Test name="testAddAccount" />
<Test name="testAddAccountWithCallbackAndHandler" />
<Test name="testAddAccountExplicitlyAndRemoveAccount" />
<Test name="testGetAccountsAndGetAccountsByType" />
<Test name="testGetAuthenticatorTypes" />
<Test name="testSetAndGetAndClearPassword" />
<Test name="testSetAndGetUserData" />
<Test name="testGetAccountsByTypeAndFeatures" />
<Test name="testGetAccountsByTypeAndFeaturesWithCallbackAndHandler" />
<Test name="testSetAndPeekAndInvalidateAuthToken" />
<Test name="testBlockingGetAuthToken" />
<Test name="testGetAuthToken" />
<Test name="testGetAuthTokenWithCallbackAndHandler" />
<Test name="testGetAuthTokenWithOptions" />
<Test name="testGetAuthTokenWithOptionsAndCallback" />
<Test name="testGetAuthTokenByFeatures" />
<Test name="testConfirmCredentials" />
<Test name="testConfirmCredentialsWithCallbackAndHandler" />
<Test name="testUpdateCredentials" />
<Test name="testUpdateCredentialsWithCallbackAndHandler" />
<Test name="testEditProperties" />
<Test name="testEditPropertiesWithCallbackAndHandler" />
<Test name="testAddOnAccountsUpdatedListenerWithHandler" />
<Test name="testRemoveOnAccountsUpdatedListener" />
<Test name="testHasFeature" />
<Test name="testGetsAreCached" />
<Test name="testAndroidTestCaseSetupProperly" />
</TestCase>
</TestSuite>
</TestSuite>
</TestSuite>
</TestPackage>
