<?xml version="1.0" encoding="UTF-8"?>
<TestPackage appNameSpace="com.android.cts.accessibilityservice" appPackageName="android.accessibilityservice" name="CtsAccessibilityServiceTestCases" runner="android.test.InstrumentationCtsTestRunner" testType="com.android.cts.tradefed.testtype.AccessibilityServiceTestRunner" version="1.0">
<TestSuite name="android">
<TestSuite name="accessibilityservice">
<TestSuite name="cts">
<TestCase name="AccessibilityEndToEndTest">
<Test name="testTypeViewSelectedAccessibilityEvent" />
<Test name="testTypeViewClickedAccessibilityEvent" />
<Test name="testTypeViewLongClickedAccessibilityEvent" />
<Test name="testTypeViewFocusedAccessibilityEvent" />
<Test name="testTypeViewTextChangedAccessibilityEvent" />
<Test name="testTypeWindowStateChangedAccessibilityEvent" />
<Test name="testTypeNotificationStateChangedAccessibilityEvent" />
</TestCase>
<TestCase name="AccessibilitySettingsTest">
<Test name="testAccessibilitySettingsIntentHandled" />
<Test name="testAndroidTestCaseSetupProperly" />
</TestCase>
<TestCase name="AccessibilityServiceInfoTest">
<Test name="testMarshalling" />
<Test name="testDescribeContents" />
<Test name="testFeedbackTypeToString" />
<Test name="testFlagToString" />
<Test name="testAccessibilityServiceInfoForEnabledService" />
<Test name="testAndroidTestCaseSetupProperly" />
</TestCase>
<TestCase name="AccessibilityWindowQueryTest">
<Test name="testFindByText" />
<Test name="testFindByContentDescription" />
<Test name="testTraverseWindow" />
<Test name="testPerformActionFocus" />
<Test name="testPerformActionClearFocus" />
<Test name="testPerformActionSelect" />
<Test name="testPerformActionClearSelection" />
<Test name="testPerformActionClick" />
<Test name="testPerformActionLongClick" />
<Test name="testGetEventSource" />
<Test name="testPerformGlobalActionBack" expectation="failure" />
<Test name="testPerformGlobalActionHome" />
<Test name="testPerformGlobalActionRecents" />
<Test name="testPerformGlobalActionNotifications" />
<Test name="testObjectContract" />
</TestCase>
<TestCase name="AccessibilityViewTreeReportingTest">
<Test name="testDescendantsOfNotImportantViewReportedInOrder1" />
<Test name="testDescendantsOfNotImportantViewReportedInOrder2" />
<Test name="testDescendantsOfNotImportantViewReportedInOrder3" />
</TestCase>
<TestCase name="AccessibilityTextTraversalTest">
<Test name="testActionNextAndPreviousAtGranularityCharacterOverContentDescription" />
<Test name="testActionNextAndPreviousAtGranularityWordOverContentDescription" />
<Test name="testActionNextAndPreviousAtGranularityCharacterOverText" />
<Test name="testActionNextAndPreviousAtGranularityWordOverText" />
<Test name="testActionNextAndPreviousAtGranularityLineOverText" />
<Test name="testActionNextAndPreviousAtGranularityPageOverText" expectation="failure" />
<Test name="testActionNextAndPreviousAtGranularityParagraphOverText" />
</TestCase>
<TestCase name="AccessibilityFocusAndInputFocusSyncTest">
<Test name="testFindAccessibilityFocus" />
<Test name="testInitialStateNoAccessibilityFocus" />
<Test name="testActionAccessibilityFocus" />
<Test name="testActionClearAccessibilityFocus" />
<Test name="testOnlyOneNodeHasAccessibilityFocus" />
</TestCase>
</TestSuite>
</TestSuite>
</TestSuite>
</TestPackage>
