<?xml version="1.0" encoding="UTF-8"?>
<TestPackage appNameSpace="com.android.cts.animation" appPackageName="android.animation" name="CtsAnimationTestCases" runner="android.test.InstrumentationCtsTestRunner" version="1.0">
<TestSuite name="android">
<TestSuite name="animation">
<TestSuite name="cts">
<TestCase name="AnimatorTest">
<Test name="testConstructor" />
<Test name="testClone" />
<Test name="testStartDelay" />
<Test name="testStart" />
<Test name="testGetDuration" />
<Test name="testIsRunning" />
<Test name="testIsStarted" />
<Test name="testSetInterpolator" />
<Test name="testCancel" />
<Test name="testEnd" />
<Test name="testSetListener" />
<Test name="testRemoveListener" />
<Test name="testRemoveAllListenerers" />
</TestCase>
<TestCase name="IntEvaluatorTest">
<Test name="testEvaluate" />
</TestCase>
<TestCase name="LayoutAnimationTest">
<Test name="testAddTransitionListener" />
<Test name="testIsRunning" />
<Test name="testIsChangingLayout" />
<Test name="testSetDuration" />
<Test name="testSetDurationForTransitionType" />
<Test name="testSetInterpolator" />
<Test name="testSetAnimator" />
<Test name="testAnimationWithAnimator" />
<Test name="testStartDelay" />
<Test name="testSetStagger" />
</TestCase>
<TestCase name="ObjectAnimatorTest">
<Test name="testDuration" />
<Test name="testOfFloat" />
<Test name="testOfFloatBase" />
<Test name="testOfInt" />
<Test name="testOfObject" />
<Test name="testOfPropertyValuesHolder" />
<Test name="testGetPropertyName" />
<Test name="testSetFloatValues" />
<Test name="testGetTarget" />
<Test name="testClone" />
<Test name="testIsStarted" />
</TestCase>
<TestCase name="FloatEvaluatorTest">
<Test name="testEvaluate" />
</TestCase>
<TestCase name="KeyframeTest">
<Test name="testGetFraction" />
<Test name="testSetFraction" />
<Test name="testOfFloat" />
<Test name="testOfIntValue" />
<Test name="testOfFloatValue" />
<Test name="testOfObject" />
<Test name="testOfObjectValue" />
<Test name="testGetType" />
<Test name="testClone" />
<Test name="testSetInterpolator" />
<Test name="testSetValue" />
</TestCase>
<TestCase name="PropertyValuesHolderTest">
<Test name="testGetPropertyName" />
<Test name="testSetPropertyName" />
<Test name="testClone" />
<Test name="testSetValues" />
<Test name="testOffloat" />
<Test name="testOfFloat_Property" />
<Test name="testOfInt" />
<Test name="testOfInt_Property" />
<Test name="testSetProperty" />
</TestCase>
<TestCase name="ArgbEvaluatorTest">
<Test name="testEvaluate" />
</TestCase>
<TestCase name="ValueAnimatorTest">
<Test name="testDuration" />
<Test name="testIsRunning" />
<Test name="testIsStarted" />
<Test name="testRepeatMode" />
<Test name="testRepeatCount" />
<Test name="testStartDelay" />
<Test name="testCurrentPlayTime" />
<Test name="testGetFrameDelay" />
<Test name="testSetInterpolator" />
<Test name="testCancel" />
<Test name="testEnd" />
<Test name="testGetAnimatedFraction" />
<Test name="testGetAnimatedValue" />
<Test name="testGetAnimatedValue_PropertyName" />
<Test name="testOfFloat" />
<Test name="testOfInt" />
</TestCase>
<TestCase name="AnimatorSetTest">
<Test name="testPlaySequentially" />
<Test name="testPlayTogether" />
<Test name="testDuration" />
<Test name="testStartDelay" />
<Test name="testgetChildAnimations" />
<Test name="testSetInterpolator" />
</TestCase>
</TestSuite>
</TestSuite>
</TestSuite>
</TestPackage>
