<?xml version="1.0" encoding="UTF-8"?>
<TestPackage appNameSpace="com.android.cts.content" appPackageName="android.content" name="CtsContentTestCases" runner="android.test.InstrumentationCtsTestRunner" targetBinaryName="CtsTestStubs" targetNameSpace="com.android.cts.stub" version="1.0">
<TestSuite name="android">
<TestSuite name="content">
<TestSuite name="res">
<TestSuite name="cts">
<TestCase name="AssetManagerTest">
<Test name="testAssetOperations" />
<Test name="testAndroidTestCaseSetupProperly" />
</TestCase>
<TestCase name="ResourceNameTest">
<Test name="testGetResourceName" />
<Test name="testGetResourceIdentifier" />
<Test name="testAndroidTestCaseSetupProperly" />
</TestCase>
<TestCase name="AssetFileDescriptor_AutoCloseOutputStreamTest">
<Test name="testAutoCloseOutputStream" />
<Test name="testAndroidTestCaseSetupProperly" />
</TestCase>
<TestCase name="PrimitiveTest">
<Test name="testEnum" />
<Test name="testFlags" />
<Test name="testBoolean" />
<Test name="testStringCoerce" />
<Test name="testFormattedString" />
<Test name="testAndroidTestCaseSetupProperly" />
</TestCase>
<TestCase name="ResourcesTest">
<Test name="testResources" />
<Test name="testGetString" />
<Test name="testObtainAttributes" />
<Test name="testObtainTypedArray" />
<Test name="testGetMovie" />
<Test name="testGetDimension" />
<Test name="testGetDimensionPixelOffset" />
<Test name="testGetColorStateList" />
<Test name="testGetColor" />
<Test name="testUpdateConfiguration" />
<Test name="testGetDimensionPixelSize" />
<Test name="testGetDrawable" />
<Test name="testGetAnimation" />
<Test name="testGetQuantityString1" />
<Test name="testGetQuantityString2" />
<Test name="testGetInteger" />
<Test name="testGetValue" />
<Test name="testGetAssets" />
<Test name="testGetSystem" />
<Test name="testGetLayout" />
<Test name="testGetBoolean" />
<Test name="testgetFraction" />
<Test name="testParseBundleExtras" />
<Test name="testParseBundleExtra" />
<Test name="testGetIdentifier" />
<Test name="testGetIntArray" />
<Test name="testGetQuantityText" />
<Test name="testGetResourceEntryName" />
<Test name="testGetResourceName" />
<Test name="testGetStringWithIntParam" />
<Test name="testGetStringArray" />
<Test name="testGetValueWithID" />
<Test name="testRawResource" />
<Test name="testAndroidTestCaseSetupProperly" />
</TestCase>
<TestCase name="AssetFileDescriptor_AutoCloseInputStreamTest">
<Test name="testSkip" />
<Test name="testRead" />
<Test name="testReadPartial" />
<Test name="testReadBufferLen" />
<Test name="testReadBuffer" />
<Test name="testReadBufferPartial" />
<Test name="testAvailableRead" />
<Test name="testAvailableReadBuffer" />
<Test name="testAvailableReadBufferLen" />
<Test name="testMark" />
<Test name="testAndroidTestCaseSetupProperly" />
</TestCase>
<TestCase name="ColorStateListTest">
<Test name="testColorStateList" />
<Test name="testAndroidTestCaseSetupProperly" />
</TestCase>
<TestCase name="AssetManager_AssetInputStreamTest">
<Test name="testClose" />
<Test name="testGetAssetInt" />
<Test name="testMarkReset" />
<Test name="testReadMethods" />
<Test name="testAndroidTestCaseSetupProperly" />
</TestCase>
<TestCase name="RawResourceTest">
<Test name="testReadToEnd" />
<Test name="testAndroidTestCaseSetupProperly" />
</TestCase>
<TestCase name="Resources_ThemeTest">
<Test name="testSetMethods" />
<Test name="testObtainStyledAttributes" />
<Test name="testResolveAttribute" />
<Test name="testAndroidTestCaseSetupProperly" />
</TestCase>
<TestCase name="TypedArrayTest">
<Test name="testAttrsMethod" />
<Test name="testRecycle" />
<Test name="testNonResourceString" />
<Test name="testAndroidTestCaseSetupProperly" />
</TestCase>
<TestCase name="AssetFileDescriptorTest">
<Test name="testInputOutputStream" />
<Test name="testMiscMethod" />
<Test name="testAndroidTestCaseSetupProperly" />
</TestCase>
<TestCase name="FractionTest">
<Test name="testFractions" />
<Test name="testAndroidTestCaseSetupProperly" />
</TestCase>
<TestCase name="Resources_NotFoundExceptionTest">
<Test name="testNotFoundException" />
</TestCase>
<TestCase name="PluralResourcesTest">
<Test name="testPlurals" />
<Test name="testCzech" />
<Test name="testAndroidTestCaseSetupProperly" />
</TestCase>
<TestCase name="ConfigTest">
<Test name="testAllEmptyConfigs" />
<Test name="testAllClassicConfigs" />
<Test name="testDensity" />
<Test name="testScreenSize" />
<Test name="testNewScreenSize" />
<Test name="testPrecidence" />
<Test name="testCombinations" />
<Test name="testVersions" />
<Test name="testAndroidTestCaseSetupProperly" />
</TestCase>
<TestCase name="ConfigurationTest">
<Test name="testConstructor" />
<Test name="testCompareTo" />
<Test name="testDescribeContents" />
<Test name="testDiff" />
<Test name="testEquals" />
<Test name="testHashCode" />
<Test name="testNeedNewResources" />
<Test name="testSetToDefaults" />
<Test name="testToString" />
<Test name="testWriteToParcel" />
<Test name="testAndroidTestCaseSetupProperly" />
</TestCase>
<TestCase name="ArrayTest">
<Test name="testStrings" />
<Test name="testIntegers" />
<Test name="testAndroidTestCaseSetupProperly" />
</TestCase>
</TestSuite>
</TestSuite>
<TestSuite name="pm">
<TestSuite name="cts">
<TestCase name="ComponentInfoTest">
<Test name="testConstructor" />
<Test name="testLoadIcon" />
<Test name="testDumpBack" />
<Test name="testGetIconResource" />
<Test name="testIsEnabled" />
<Test name="testDumpFront" />
<Test name="testLoadLabel" />
<Test name="testWriteToParcel" />
<Test name="testAndroidTestCaseSetupProperly" />
</TestCase>
<TestCase name="PackageItemInfoTest">
<Test name="testLoadMethods" />
<Test name="testDump" />
<Test name="testWriteToParcel" />
<Test name="testAndroidTestCaseSetupProperly" />
</TestCase>
<TestCase name="PackageManager_NameNotFoundExceptionTest">
<Test name="testNameNotFoundException" />
<Test name="testAndroidTestCaseSetupProperly" />
</TestCase>
<TestCase name="SignatureTest">
<Test name="testSignatureStringConstructorValid" />
<Test name="testSignatureStringConstructorNull" />
<Test name="testSignatureStringConstructorInvalidLength" />
<Test name="testSignatureByteArrayToCharsString" />
<Test name="testSignatureByteArrayConstructorNull" />
<Test name="testSignatureToChars" />
<Test name="testSignatureToCharsExistingArrayCorrectlySized" />
<Test name="testSignatureToCharsExistingArrayTooSmall" />
<Test name="testSignatureToCharsNullArrays" />
<Test name="testSignatureStringToByteArray" />
<Test name="testTools" />
<Test name="testAndroidTestCaseSetupProperly" />
</TestCase>
<TestCase name="ActivityInfoTest">
<Test name="testConstructor" />
<Test name="testWriteToParcel" />
<Test name="testGetThemeResource" />
<Test name="testToString" />
<Test name="testDescribeContents" />
<Test name="testDump" />
<Test name="testAndroidTestCaseSetupProperly" />
</TestCase>
<TestCase name="InstrumentationInfoTest">
<Test name="testInstrumentationInfo" />
<Test name="testAndroidTestCaseSetupProperly" />
</TestCase>
<TestCase name="PackageStatsTest">
<Test name="testPackageStats" />
<Test name="testAndroidTestCaseSetupProperly" />
</TestCase>
<TestCase name="ResolveInfoTest">
<Test name="testResolveInfo" />
<Test name="testDump" />
<Test name="testAndroidTestCaseSetupProperly" />
</TestCase>
<TestCase name="ResolveInfo_DisplayNameComparatorTest">
<Test name="testDisplayNameComparator" />
<Test name="testAndroidTestCaseSetupProperly" />
</TestCase>
<TestCase name="ApplicationInfoTest">
<Test name="testConstructor" />
<Test name="testWriteToParcel" />
<Test name="testToString" />
<Test name="testDescribeContents" />
<Test name="testDump" />
<Test name="testLoadDescription" />
<Test name="testAndroidTestCaseSetupProperly" />
</TestCase>
<TestCase name="ServiceInfoTest">
<Test name="testServiceInfo" />
<Test name="testAndroidTestCaseSetupProperly" />
</TestCase>
<TestCase name="PackageItemInfo_DisplayNameComparatorTest">
<Test name="testDisplayNameComparator" />
<Test name="testAndroidTestCaseSetupProperly" />
</TestCase>
<TestCase name="PermissionInfoTest">
<Test name="testPermissionInfo" />
<Test name="testAndroidTestCaseSetupProperly" />
</TestCase>
<TestCase name="PackageManagerTest">
<Test name="testQuery" />
<Test name="testGetInfo" />
<Test name="testGetPreferredActivities" />
<Test name="testAddPreferredActivity" />
<Test name="testClearPackagePreferredActivities" />
<Test name="testAccessEnabledSetting" />
<Test name="testOpPermission" />
<Test name="testGetIcon" />
<Test name="testCheckMethods" />
<Test name="testResolveMethods" />
<Test name="testGetResources" />
<Test name="testGetPackageArchiveInfo" />
<Test name="testAndroidTestCaseSetupProperly" />
</TestCase>
<TestCase name="PermissionGroupInfoTest">
<Test name="testPermissionGroupInfo" />
<Test name="testAndroidTestCaseSetupProperly" />
</TestCase>
<TestCase name="ApplicationInfo_DisplayNameComparatorTest">
<Test name="testConstructor" />
<Test name="testCompare" />
<Test name="testAndroidTestCaseSetupProperly" />
</TestCase>
<TestCase name="PackageInfoTest">
<Test name="testPackageInfoOp" />
<Test name="testAndroidTestCaseSetupProperly" />
</TestCase>
<TestCase name="ProviderInfoTest">
<Test name="testProviderInfo" />
<Test name="testAndroidTestCaseSetupProperly" />
</TestCase>
<TestCase name="ConfigurationInfoTest">
<Test name="testConfigPreferences" />
<Test name="testAndroidTestCaseSetupProperly" />
</TestCase>
</TestSuite>
</TestSuite>
<TestSuite name="cts">
<TestCase name="ContextWrapperTest">
<Test name="testConstructor" />
<Test name="testEnforceCallingPermission" />
<Test name="testSendOrderedBroadcast1" />
<Test name="testSendOrderedBroadcast2" />
<Test name="testRegisterReceiver1" />
<Test name="testRegisterReceiver2" />
<Test name="testEnforceCallingOrSelfPermission" />
<Test name="testAccessWallpaper" />
<Test name="testAccessDatabase" />
<Test name="testEnforceUriPermission1" />
<Test name="testEnforceUriPermission2" />
<Test name="testGetPackageResourcePath" />
<Test name="testStartActivity" />
<Test name="testCreatePackageContext" />
<Test name="testGetMainLooper" />
<Test name="testGetApplicationContext" />
<Test name="testGetSharedPreferences" />
<Test name="testRevokeUriPermission" />
<Test name="testAccessService" />
<Test name="testGetPackageCodePath" />
<Test name="testGetPackageName" />
<Test name="testGetCacheDir" />
<Test name="testGetContentResolver" />
<Test name="testAccessBaseContext" />
<Test name="testGetFileStreamPath" />
<Test name="testGetClassLoader" />
<Test name="testGetWallpaperDesiredMinimumHeightAndWidth" />
<Test name="testAccessStickyBroadcast" />
<Test name="testCheckCallingOrSelfUriPermission" />
<Test name="testGrantUriPermission" />
<Test name="testEnforcePermission" />
<Test name="testCheckUriPermission1" />
<Test name="testCheckUriPermission2" />
<Test name="testCheckCallingPermission" />
<Test name="testCheckCallingUriPermission" />
<Test name="testEnforceCallingUriPermission" />
<Test name="testGetDir" />
<Test name="testGetPackageManager" />
<Test name="testCheckCallingOrSelfPermission" />
<Test name="testSendBroadcast1" />
<Test name="testSendBroadcast2" />
<Test name="testEnforceCallingOrSelfUriPermission" />
<Test name="testCheckPermission" />
<Test name="testGetSystemService" />
<Test name="testGetAssets" />
<Test name="testGetResources" />
<Test name="testStartInstrumentation" />
<Test name="testAndroidTestCaseSetupProperly" />
</TestCase>
<TestCase name="ContentResolverSyncTestCase">
<Test name="testRequestSync" />
<Test name="testCancelSync" />
<Test name="testGetAndSetMasterSyncAutomatically" />
<Test name="testGetAndSetSyncAutomatically" />
<Test name="testGetAndSetIsSyncable" />
<Test name="testGetSyncAdapterTypes" />
<Test name="testStartSyncFailure" />
<Test name="testValidateSyncExtrasBundle" />
<Test name="testCallMultipleAccounts" />
<Test name="testAndroidTestCaseSetupProperly" />
</TestCase>
<TestCase name="ComponentNameTest">
<Test name="testConstructor" />
<Test name="testFlattenToString" />
<Test name="testGetShortClassName" />
<Test name="testReadFromParcel" />
<Test name="testGetPackageName" />
<Test name="testUnflattenFromString" />
<Test name="testFlattenToShortString" />
<Test name="testEquals" />
<Test name="testToString" />
<Test name="testToShortString" />
<Test name="testGetClassName" />
<Test name="testHashCode" />
<Test name="testWriteToParcel" />
<Test name="testDescribeContents" />
<Test name="testAndroidTestCaseSetupProperly" />
</TestCase>
<TestCase name="IntentFilterTest">
<Test name="testConstructor" />
<Test name="testCategories" />
<Test name="testMimeTypes" />
<Test name="testAccessPriority" />
<Test name="testDataSchemes" />
<Test name="testCreate" />
<Test name="testAuthorities" />
<Test name="testDataTypes" />
<Test name="testMatchData" />
<Test name="testActions" />
<Test name="testWriteToXml" />
<Test name="testMatchCategories" />
<Test name="testMatchDataAuthority" />
<Test name="testDescribeContents" />
<Test name="testReadFromXml" />
<Test name="testDataPaths" />
<Test name="testMatchWithIntent" />
<Test name="testMatchWithIntentData" />
<Test name="testWriteToParcel" />
<Test name="testAddDataType" />
<Test name="testPaths" />
<Test name="testDump" />
<Test name="testAndroidTestCaseSetupProperly" />
</TestCase>
<TestCase name="AsyncQueryHandlerTest">
<Test name="testConstructor" />
<Test name="testStartInsert" />
<Test name="testStartQuery" />
<Test name="testStartUpdate" />
<Test name="testStartDelete" />
<Test name="testCreateHandler" />
<Test name="testAndroidTestCaseSetupProperly" />
</TestCase>
<TestCase name="ClipboardManagerTest">
<Test name="testSetGetText" />
<Test name="testHasPrimaryClip" />
<Test name="testSetPrimaryClip_plainText" />
<Test name="testSetPrimaryClip_intent" />
<Test name="testSetPrimaryClip_rawUri" />
<Test name="testSetPrimaryClip_contentUri" />
<Test name="testSetPrimaryClip_complexItem" />
<Test name="testSetPrimaryClip_multipleItems" />
<Test name="testAndroidTestCaseSetupProperly" />
</TestCase>
<TestCase name="ReceiverCallNotAllowedExceptionTest">
<Test name="testConstructor" />
<Test name="testAndroidTestCaseSetupProperly" />
</TestCase>
<TestCase name="IntentFilter_MalformedMimeTypeExceptionTest">
<Test name="testMalformedMimeTypeException" />
<Test name="testAndroidTestCaseSetupProperly" />
</TestCase>
<TestCase name="Intent_ShortcutIconResourceTest">
<Test name="testToString" />
<Test name="testFromContext" />
<Test name="testWriteToParcel" />
<Test name="testDescribeContents" />
<Test name="testAndroidTestCaseSetupProperly" />
</TestCase>
<TestCase name="ContentUrisTest">
<Test name="testConstructor" />
<Test name="testParseId" />
<Test name="testParseIdFailure" />
<Test name="testWithAppendedId" />
<Test name="testWithAppendedIdFailure" />
<Test name="testAppendId" />
<Test name="testAppendIdFailure" />
<Test name="testAndroidTestCaseSetupProperly" />
</TestCase>
<TestCase name="ContentProviderTest">
<Test name="testOpenAssetFile" />
<Test name="testAttachInfo" />
<Test name="testBulkInsert" />
<Test name="testGetContext" />
<Test name="testAccessReadPermission" />
<Test name="testAccessWritePermission" />
<Test name="testIsTemporary" />
<Test name="testOpenFile" />
<Test name="testOpenFileHelper" />
<Test name="testOnConfigurationChanged" />
<Test name="testOnLowMemory" />
<Test name="testCoerceToLocalContentProvider" />
<Test name="testGetIContentProvider" />
<Test name="testAndroidTestCaseSetupProperly" />
</TestCase>
<TestCase name="ContentValuesTest">
<Test name="testConstructor" />
<Test name="testValueSet" />
<Test name="testPutNull" />
<Test name="testGetAsLong" />
<Test name="testGetAsByte" />
<Test name="testGetAsInteger" />
<Test name="testSize" />
<Test name="testGetAsShort" />
<Test name="testHashCode" />
<Test name="testGetAsFloat" />
<Test name="testGetAsBoolean" />
<Test name="testToString" />
<Test name="testGet" />
<Test name="testEquals" />
<Test name="testEqualsFailure" />
<Test name="testGetAsDouble" />
<Test name="testPutString" />
<Test name="testPutByte" />
<Test name="testPutShort" />
<Test name="testPutInteger" />
<Test name="testPutLong" />
<Test name="testPutFloat" />
<Test name="testPutDouble" />
<Test name="testPutBoolean" />
<Test name="testPutByteArray" />
<Test name="testContainsKey" />
<Test name="testClear" />
<Test name="testAccessStringArrayList" />
<Test name="testRemove" />
<Test name="testGetAsString" />
<Test name="testGetAsByteArray" />
<Test name="testWriteToParcel" />
<Test name="testWriteToParcelFailure" />
<Test name="testDescribeContents" />
<Test name="testPutAll" />
<Test name="testPutAllFailure" />
<Test name="testAndroidTestCaseSetupProperly" />
</TestCase>
<TestCase name="ContentQueryMapTest">
<Test name="testConstructor" />
<Test name="testGetRows" />
<Test name="testRequery" />
<Test name="testSetKeepUpdated" />
<Test name="testSetKeepUpdatedWithHandler" />
<Test name="testGetValuesBoundary" />
<Test name="testAndroidTestCaseSetupProperly" />
</TestCase>
<TestCase name="SearchRecentSuggestionsProviderTest">
<Test name="testSearchRecentSuggestionsProvider" />
<Test name="testAndroidTestCaseSetupProperly" />
</TestCase>
<TestCase name="BroadcastReceiverTest">
<Test name="testConstructor" />
<Test name="testAccessDebugUnregister" />
<Test name="testSetOrderedHint" />
<Test name="testOnReceive" />
<Test name="testOnReceiverOrdered" />
<Test name="testAbortBroadcast" />
<Test name="testPeekService" />
</TestCase>
<TestCase name="Intent_FilterComparisonTest">
<Test name="testConstructor" />
<Test name="testHashCode" />
<Test name="testEquals" />
<Test name="testGetIntent" />
<Test name="testAndroidTestCaseSetupProperly" />
</TestCase>
<TestCase name="IntentFilter_AuthorityEntryTest">
<Test name="testConstructor" />
<Test name="testAuthorityEntryProperties" />
<Test name="testMatch" />
<Test name="testAndroidTestCaseSetupProperly" />
</TestCase>
<TestCase name="IntentTest">
<Test name="testConstructor" />
<Test name="testRemoveExtra" />
<Test name="testGetCharSequenceExtra" />
<Test name="testReadFromParcel" />
<Test name="testGetParcelableArrayListExtra" />
<Test name="testFilterHashCode" />
<Test name="testGetCategories" />
<Test name="testGetScheme" />
<Test name="testGetIntegerArrayListExtra" />
<Test name="testHasExtra" />
<Test name="testGetIntArrayExtra" />
<Test name="testSetClassName1" />
<Test name="testSetClassName2" />
<Test name="testGetIntExtra" />
<Test name="testPutIntegerArrayListExtra" />
<Test name="testAccessType" />
<Test name="testGetBundleExtra" />
<Test name="testGetCharArrayExtra" />
<Test name="testGetDoubleArrayExtra" />
<Test name="testPutStringArrayListExtra" />
<Test name="testResolveType1" />
<Test name="testResolveType2" />
<Test name="testAccessComponent" />
<Test name="testGetDataString" />
<Test name="testHasCategory" />
<Test name="testGetLongArrayExtra" />
<Test name="testParseIntent" />
<Test name="testSetClass" />
<Test name="testResolveTypeIfNeeded" />
<Test name="testPutExtra1" />
<Test name="testPutExtra2" />
<Test name="testPutExtra3" />
<Test name="testPutExtra4" />
<Test name="testPutExtra5" />
<Test name="testPutExtra6" />
<Test name="testPutExtra7" />
<Test name="testPutExtra8" />
<Test name="testPutExtra9" />
<Test name="testPutExtra10" />
<Test name="testPutExtra11" />
<Test name="testPutExtra12" />
<Test name="testPutExtra13" />
<Test name="testPutExtra14" />
<Test name="testPutExtra15" />
<Test name="testPutExtra16" />
<Test name="testPutExtra17" />
<Test name="testPutExtra18" />
<Test name="testPutExtra19" />
<Test name="testPutExtra20" />
<Test name="testPutExtra21" />
<Test name="testPutExtra22" />
<Test name="testPutExtra23" />
<Test name="testPutExtra24" />
<Test name="testAddCategory" />
<Test name="testPutParcelableArrayListExtra" />
<Test name="testToString" />
<Test name="testAccessData" />
<Test name="testSetExtrasClassLoader" />
<Test name="testGetStringArrayListExtra" />
<Test name="testGetCharSequenceArrayListExtra" />
<Test name="testResolveActivityInfo" />
<Test name="testGetParcelableExtra" />
<Test name="testAccessAction" />
<Test name="testAddFlags" />
<Test name="testDescribeContents" />
<Test name="testGetShortExtra" />
<Test name="testClone" />
<Test name="testGetDoubleExtra" />
<Test name="testCloneFilter" />
<Test name="testGetIntentOld" />
<Test name="testGetParcelableArrayExtra" />
<Test name="testResolveActivity" />
<Test name="testGetCharExtra" />
<Test name="testGetIntent" />
<Test name="testToURI" />
<Test name="testAccessFlags" />
<Test name="testCreateChooser" />
<Test name="testGetFloatArrayExtra" />
<Test name="testSetDataAndType" />
<Test name="testSetData" />
<Test name="testSetType" />
<Test name="testGetStringExtra" />
<Test name="testFillIn_blank" />
<Test name="testFillIn_action" />
<Test name="testFillIn_actionSet" />
<Test name="testFillIn_actionOverride" />
<Test name="testFillIn_data" />
<Test name="testFillIn_dataSet" />
<Test name="testFillIn_dataOverride" />
<Test name="testFillIn_dataType" />
<Test name="testFillIn_dataTypeSet" />
<Test name="testFillIn_dataTypeOverride" />
<Test name="testFillIn_componentNoCopy" />
<Test name="testFillIn_componentOverride" />
<Test name="testFillIn_category" />
<Test name="testFillIn_categorySet" />
<Test name="testFillIn_categoryOverride" />
<Test name="testFillIn_package" />
<Test name="testFillIn_packageSet" />
<Test name="testFillIn_packageOverride" />
<Test name="testFillIn_extras" />
<Test name="testGetExtras" />
<Test name="testGetBooleanExtra" />
<Test name="testGetFloatExtra" />
<Test name="testGetShortArrayExtra" />
<Test name="testGetStringArrayExtra" />
<Test name="testGetCharSequenceArrayExtra" />
<Test name="testGetByteArrayExtra" />
<Test name="testHasFileDescriptors" />
<Test name="testGetBooleanArrayExtra" />
<Test name="testGetLongExtra" />
<Test name="testRemoveCategory" />
<Test name="testFilterEquals" />
<Test name="testPutExtras1" />
<Test name="testPutExtras2" />
<Test name="testGetByteExtra" />
<Test name="testGetSerializableExtra" />
<Test name="testReplaceExtras" />
<Test name="testNormalizeMimeType" />
<Test name="testAndroidTestCaseSetupProperly" />
</TestCase>
<TestCase name="ClipboardManagerListenerTest">
<Test name="testListener" />
</TestCase>
<TestCase name="AvailableIntentsTest">
<Test name="testViewNormalUrl" />
<Test name="testViewSecureUrl" />
<Test name="testWebSearchNormalUrl" />
<Test name="testWebSearchSecureUrl" />
<Test name="testWebSearchPlainText" />
<Test name="testCallPhoneNumber" />
<Test name="testDialPhoneNumber" />
<Test name="testDialVoicemail" />
<Test name="testCamera" />
<Test name="testSettings" />
<Test name="testCalendarAddAppointment" />
<Test name="testContactsCallLogs" />
<Test name="testMusicPlayback" />
<Test name="testAlarmClock" />
<Test name="testAndroidTestCaseSetupProperly" />
</TestCase>
<TestCase name="ContentResolverTest">
<Test name="testConstructor" />
<Test name="testCrashOnLaunch" />
<Test name="testUnstableToStableRefs" />
<Test name="testStableToUnstableRefs" />
<Test name="testGetType" />
<Test name="testUnstableGetType" />
<Test name="testQuery" />
<Test name="testCrashingQuery" />
<Test name="testCancelableQuery_WhenNotCanceled_ReturnsResultSet" />
<Test name="testCancelableQuery_WhenCanceledBeforeQuery_ThrowsImmediately" />
<Test name="testCancelableQuery_WhenCanceledDuringLongRunningQuery_CancelsQueryAndThrows" />
<Test name="testOpenInputStream" />
<Test name="testOpenOutputStream" />
<Test name="testOpenAssetFileDescriptor" />
<Test name="testCrashingOpenAssetFileDescriptor" />
<Test name="testCrashingOpenTypedAssetFileDescriptor" />
<Test name="testOpenFileDescriptor" />
<Test name="testInsert" />
<Test name="testBulkInsert" />
<Test name="testDelete" />
<Test name="testUpdate" />
<Test name="testRegisterContentObserver" />
<Test name="testNotifyChange1" />
<Test name="testNotifyChange2" />
<Test name="testStartCancelSync" />
<Test name="testStartSyncFailure" />
<Test name="testValidateSyncExtrasBundle" />
<Test name="testAndroidTestCaseSetupProperly" />
</TestCase>
<TestCase name="ContextTest">
<Test name="testGetString" />
<Test name="testGetText" />
<Test name="testAccessTheme" />
<Test name="testObtainStyledAttributes" />
<Test name="testAndroidTestCaseSetupProperly" />
</TestCase>
<TestCase name="UriMatcherTest">
<Test name="testConstructor" />
<Test name="testMatch" />
<Test name="testMatchFailure" />
<Test name="testAddURI" />
<Test name="testAddURIFailure" />
<Test name="testAndroidTestCaseSetupProperly" />
</TestCase>
<TestCase name="SharedPreferencesTest">
<Test name="testNoFileInitially" />
<Test name="testCommitCreatesFiles" />
<Test name="testDefaults" />
<Test name="testRedundantBoolean" />
<Test name="testRedundantString" />
<Test name="testNonRedundantString" />
<Test name="testRedundantClear" />
<Test name="testNonRedundantClear" />
<Test name="testRedundantRemove" />
<Test name="testRedundantCommitWritesFileIfNotAlreadyExisting" />
<Test name="testTorture" />
<Test name="testTorture2" />
<Test name="testModeMultiProcess" />
<Test name="testAndroidTestCaseSetupProperly" />
</TestCase>
<TestCase name="ActivityNotFoundExceptionTest">
<Test name="testConstructors" />
<Test name="testAndroidTestCaseSetupProperly" />
</TestCase>
<TestCase name="MutableContextWrapperTest">
<Test name="testConstructor" />
<Test name="testSetBaseContext" />
<Test name="testAndroidTestCaseSetupProperly" />
</TestCase>
</TestSuite>
</TestSuite>
</TestSuite>
</TestPackage>
