<?xml version="1.0" encoding="UTF-8"?>
<TestPackage appNameSpace="com.android.cts.dpi" appPackageName="android.dpi" name="CtsDpiTestCases" runner="android.test.InstrumentationCtsTestRunner" version="1.0">
<TestSuite name="android">
<TestSuite name="dpi">
<TestSuite name="cts">
<TestCase name="DefaultManifestAttributesSdkTest">
<Test name="testPackageHasExpectedSdkVersion" />
<Test name="testSmallScreenDefault" />
<Test name="testNormalScreenDefault" />
<Test name="testLargeScreenDefault" />
<Test name="testResizableDefault" />
<Test name="testAnyDensityDefault" />
<Test name="testAndroidTestCaseSetupProperly" />
</TestCase>
<TestCase name="ConfigurationScreenLayoutTest">
<Test name="testScreenLayout" />
</TestCase>
<TestCase name="AspectRatioTest">
<Test name="testAspectRatio" />
</TestCase>
<TestCase name="ConfigurationTest">
<Test name="testScreenConfiguration" />
<Test name="testAndroidTestCaseSetupProperly" />
</TestCase>
</TestSuite>
</TestSuite>
</TestSuite>
</TestPackage>
