<?xml version="1.0" encoding="UTF-8"?>
<TestPackage appNameSpace="com.android.cts.drm" appPackageName="android.drm" name="CtsDrmTestCases" runner="android.test.InstrumentationCtsTestRunner" targetBinaryName="CtsTestStubs" targetNameSpace="com.android.cts.stub" version="1.0">
<TestSuite name="android">
<TestSuite name="drm">
<TestSuite name="cts">
<TestCase name="DrmInfoRequestTest">
<Test name="testInvalidInfoTypes" />
<Test name="testValidInfoTypes" />
<Test name="testGetInfoType" />
<Test name="testInvalidMimeTypes" />
<Test name="testGetMimeType" />
<Test name="testPutAndGetKeys" />
<Test name="testAndroidTestCaseSetupProperly" />
</TestCase>
<TestCase name="DrmSupportInfoTest">
<Test name="testAddInvalidMimeTypes" />
<Test name="testAddValidMimeTypes" />
<Test name="testAddInvalidFileSuffixes" />
<Test name="testAddValidFileSuffixes" />
<Test name="testSetInvalidDescriptions" />
<Test name="testSetAndGetDescription" />
<Test name="testEquals" />
<Test name="testAndroidTestCaseSetupProperly" />
</TestCase>
<TestCase name="DrmEventTest">
<Test name="testGetAttribute" />
<Test name="testGetMessage" />
<Test name="testGetUniqueId" />
<Test name="testValidErrorEventTypes" />
<Test name="testValidInfoEventTypes" />
<Test name="testInvalidErrorEventTypes" />
<Test name="testInvalidInfoEventTypes" />
<Test name="testAndroidTestCaseSetupProperly" />
</TestCase>
<TestCase name="DRMTest">
<Test name="testIsDrmDirectoryExist" />
<Test name="testRegisterAndDeregister" />
<Test name="testAcquireRights" />
<Test name="testGetConstraints" />
<Test name="testCanHandle" />
<Test name="testGetOriginalMimeType" />
<Test name="testCheckRightsStatus" />
<Test name="testRemoveRights" />
<Test name="testRemoveAllRights" />
<Test name="testConvertData" />
<Test name="testAndroidTestCaseSetupProperly" />
</TestCase>
<TestCase name="DrmInfoTest">
<Test name="testInvalidInfoTypes" />
<Test name="testValidInfoTypes" />
<Test name="testGetInfoType" />
<Test name="testInvalidMimeTypes" />
<Test name="testGetMimeType" />
<Test name="testInvalidData" />
<Test name="testGetData" />
<Test name="testPutAndGetKeys" />
<Test name="testAndroidTestCaseSetupProperly" />
</TestCase>
<TestCase name="DrmInfoStatusTest">
<Test name="testInvalidStatusCodes" />
<Test name="testValidStatusCodes" />
<Test name="testAndroidTestCaseSetupProperly" />
</TestCase>
</TestSuite>
</TestSuite>
</TestSuite>
</TestPackage>
