<?xml version="1.0" encoding="UTF-8"?>
<TestPackage appNameSpace="com.android.cts.database" appPackageName="android.database" name="CtsDatabaseTestCases" runner="android.test.InstrumentationCtsTestRunner" version="1.0">
<TestSuite name="android">
<TestSuite name="database">
<TestSuite name="cts">
<TestCase name="AbstractWindowedCursorTest">
<Test name="testIsNull" />
<Test name="testIsBlob" />
<Test name="testHasWindow" />
<Test name="testGetString" />
<Test name="testGetShort" />
<Test name="testGetLong" />
<Test name="testGetInt" />
<Test name="testGetFloat" />
<Test name="testGetDouble" />
<Test name="testGetBlob" />
<Test name="testCopyStringToBuffer" />
<Test name="testCheckPosition" />
</TestCase>
<TestCase name="AbstractCursor_SelfContentObserverTest">
<Test name="testConstructor" />
<Test name="testDeliverSelfNotifications" />
<Test name="testOnChange" />
<Test name="testAndroidTestCaseSetupProperly" />
</TestCase>
<TestCase name="CharArrayBufferTest">
<Test name="testCharArrayBuffer" />
<Test name="testAndroidTestCaseSetupProperly" />
</TestCase>
<TestCase name="CursorWindowTest">
<Test name="testWriteCursorToWindow" />
<Test name="testNull" />
<Test name="testEmptyString" />
<Test name="testConstructors" />
<Test name="testDataStructureOperations" />
<Test name="testAccessDataValues" />
<Test name="testCopyStringToBuffer" />
<Test name="testAccessStartPosition" />
<Test name="testClearAndOnAllReferencesReleased" />
<Test name="testDescribeContents" />
<Test name="testAndroidTestCaseSetupProperly" />
</TestCase>
<TestCase name="MergeCursorTest">
<Test name="testConstructor" />
<Test name="testOnMove" />
<Test name="testCursorSwiching" />
<Test name="testGetValues" />
<Test name="testContentObsererOperations" />
<Test name="testDeactivate" />
<Test name="testRequery" />
<Test name="testAndroidTestCaseSetupProperly" />
</TestCase>
<TestCase name="DataSetObserverTest">
<Test name="testOnChanged" />
<Test name="testOnInvalidated" />
<Test name="testAndroidTestCaseSetupProperly" />
</TestCase>
<TestCase name="StaleDataExceptionTest">
<Test name="testConstructors" />
<Test name="testAndroidTestCaseSetupProperly" />
</TestCase>
<TestCase name="DatabaseCursorTest">
<Test name="testBlob" />
<Test name="testRealColumns" />
<Test name="testCursor1" />
<Test name="testCursor2" />
<Test name="testLargeField" />
<Test name="testManyRowsLong" />
<Test name="testManyRowsTxt" />
<Test name="testManyRowsTxtLong" />
<Test name="testRequery" />
<Test name="testRequeryWithSelection" />
<Test name="testRequeryWithSelectionArgs" />
<Test name="testRequeryWithAlteredSelectionArgs" />
<Test name="testAndroidTestCaseSetupProperly" />
</TestCase>
<TestCase name="DatabaseUtils_InsertHelperTest">
<Test name="testConstructor" />
<Test name="testClose" />
<Test name="testGetColumnIndex" />
<Test name="testInsert" />
<Test name="testReplace" />
<Test name="testAndroidTestCaseSetupProperly" />
</TestCase>
<TestCase name="MatrixCursorTest">
<Test name="testMatrixCursor" />
<Test name="testNewRow" />
<Test name="testAddRow" />
<Test name="testGetColumnNames" />
<Test name="testGetters" />
</TestCase>
<TestCase name="ContentObservableTest">
<Test name="testNotifyChange" />
<Test name="testDispatchChange" />
<Test name="testDispatchChangeWithUri" />
</TestCase>
<TestCase name="SQLExceptionTest">
<Test name="testConstructors" />
<Test name="testAndroidTestCaseSetupProperly" />
</TestCase>
<TestCase name="DataSetObservableTest">
<Test name="testNotifyMethods" />
<Test name="testAndroidTestCaseSetupProperly" />
</TestCase>
<TestCase name="CursorWrapperTest">
<Test name="testConstrucotorAndClose" />
<Test name="testGetCount" />
<Test name="testDeactivate" />
<Test name="testGettingColumnInfos" />
<Test name="testPositioning" />
<Test name="testGettingValues" />
<Test name="testGetExtras" />
<Test name="testCopyStringToBuffer" />
<Test name="testRespond" />
<Test name="testGetWantsAllOnMoveCalls" />
<Test name="testContentObsererOperations" />
<Test name="testAndroidTestCaseSetupProperly" />
</TestCase>
<TestCase name="ContentObserverTest">
<Test name="testContentObserver" />
<Test name="testContentObserverWithUri" />
<Test name="testDeliverSelfNotifications" />
</TestCase>
<TestCase name="AbstractCursorTest">
<Test name="testConstructor" />
<Test name="testGetBlob" />
<Test name="testRegisterDataSetObserver" />
<Test name="testRegisterContentObserver" />
<Test name="testSetNotificationUri" />
<Test name="testRespond" />
<Test name="testRequery" />
<Test name="testOnChange" />
<Test name="testOnMove" />
<Test name="testMoveToPrevious" />
<Test name="testIsClosed" />
<Test name="testGetWindow" />
<Test name="testGetWantsAllOnMoveCalls" />
<Test name="testIsFieldUpdated" />
<Test name="testGetUpdatedField" />
<Test name="testGetExtras" />
<Test name="testGetCount" />
<Test name="testGetColumnNames" />
<Test name="testGetColumnName" />
<Test name="testGetColumnIndexOrThrow" />
<Test name="testGetColumnIndex" />
<Test name="testGetColumnCount" />
<Test name="testDeactivate" />
<Test name="testCopyStringToBuffer" />
<Test name="testCheckPosition" />
</TestCase>
<TestCase name="CursorJoinerTest">
<Test name="testCursorJoinerAndIterator" />
<Test name="testNext" />
<Test name="testAndroidTestCaseSetupProperly" />
</TestCase>
<TestCase name="DatabaseUtilsTest">
<Test name="testAppendEscapedSQLString" />
<Test name="testSqlEscapeString" />
<Test name="testAppendValueToSql" />
<Test name="testBindObjectToProgram" />
<Test name="testCreateDbFromSqlStatements" />
<Test name="testCursorDoubleToContentValues" />
<Test name="testCursorDoubleToCursorValues" />
<Test name="testCursorIntToContentValues" />
<Test name="testcursorLongToContentValues" />
<Test name="testCursorRowToContentValues" />
<Test name="testCursorStringToContentValues" />
<Test name="testCursorStringToInsertHelper" />
<Test name="testDumpCurrentRow" />
<Test name="testDumpCursor" />
<Test name="testCollationKey" />
<Test name="testLongForQuery" />
<Test name="testQueryNumEntries" />
<Test name="testExceptionFromParcel" />
<Test name="testStringForQuery" />
<Test name="testBlobFileDescriptorForQuery" />
<Test name="testAndroidTestCaseSetupProperly" />
</TestCase>
<TestCase name="ObservableTest">
<Test name="testRegisterUnRegisterObserver" />
<Test name="testUnregisterAll" />
<Test name="testAndroidTestCaseSetupProperly" />
</TestCase>
<TestCase name="MatrixCursor_RowBuilderTest">
<Test name="testAdd" />
</TestCase>
<TestCase name="CursorIndexOutOfBoundsExceptionTest">
<Test name="testConstructors" />
<Test name="testAndroidTestCaseSetupProperly" />
</TestCase>
</TestSuite>
<TestSuite name="sqlite">
<TestSuite name="cts">
<TestCase name="SQLiteQueryBuilderTest">
<Test name="testConstructor" />
<Test name="testSetDistinct" />
<Test name="testSetProjectionMap" />
<Test name="testSetCursorFactory" />
<Test name="testBuildQueryString" />
<Test name="testBuildQuery" />
<Test name="testAppendColumns" />
<Test name="testQuery" />
<Test name="testUnionQuery" />
<Test name="testCancelableQuery_WhenNotCanceled_ReturnsResultSet" />
<Test name="testCancelableQuery_WhenCanceledBeforeQuery_ThrowsImmediately" />
<Test name="testCancelableQuery_WhenCanceledAfterQuery_ThrowsWhenExecuted" />
<Test name="testCancelableQuery_WhenCanceledDueToContention_StopsWaitingAndThrows" />
<Test name="testCancelableQuery_WhenCanceledDuringLongRunningQuery_CancelsQueryAndThrows" />
<Test name="testAndroidTestCaseSetupProperly" />
</TestCase>
<TestCase name="SQLiteMisuseExceptionTest">
<Test name="testConstructor" />
<Test name="testAndroidTestCaseSetupProperly" />
</TestCase>
<TestCase name="SQLiteDoneExceptionTest">
<Test name="testConstructor" />
<Test name="testAndroidTestCaseSetupProperly" />
</TestCase>
<TestCase name="SQLiteOpenHelperTest">
<Test name="testConstructor" />
<Test name="testGetDatabase" />
<Test name="testAndroidTestCaseSetupProperly" />
</TestCase>
<TestCase name="SQLiteDatabaseCorruptExceptionTest">
<Test name="testConstructor" />
<Test name="testAndroidTestCaseSetupProperly" />
</TestCase>
<TestCase name="SQLiteQueryTest">
<Test name="testMethods" />
</TestCase>
<TestCase name="DatabaseStatementTest">
<Test name="testExecuteStatement" />
<Test name="testSimpleQuery" />
<Test name="testStatementLongBinding" />
<Test name="testStatementStringBinding" />
<Test name="testStatementClearBindings" />
<Test name="testSimpleStringBinding" />
<Test name="testStatementMultipleBindings" />
<Test name="testStatementMultiThreaded" />
<Test name="testStatementConstraint" />
<Test name="testAndroidTestCaseSetupProperly" />
</TestCase>
<TestCase name="SQLiteCursorTest">
<Test name="testConstructor" />
<Test name="testClose" />
<Test name="testRegisterDataSetObserver" />
<Test name="testRequery" />
<Test name="testRequery2" />
<Test name="testGetColumnIndex" />
<Test name="testSetSelectionArguments" />
<Test name="testOnMove" />
<Test name="testAndroidTestCaseSetupProperly" />
</TestCase>
<TestCase name="SQLiteClosableTest">
<Test name="testAcquireReference" />
<Test name="testReleaseReferenceFromContainer" />
<Test name="testAndroidTestCaseSetupProperly" />
</TestCase>
<TestCase name="SQLiteExceptionTest">
<Test name="testConstructor" />
<Test name="testAndroidTestCaseSetupProperly" />
</TestCase>
<TestCase name="SQLiteStatementTest">
<Test name="testExecute" />
<Test name="testExecuteInsert" />
<Test name="testSimpleQueryForLong" />
<Test name="testSimpleQueryForString" />
<Test name="testSimpleQueryForBlobFileDescriptorSuccessNormal" />
<Test name="testSimpleQueryForBlobFileDescriptorSuccessEmpty" />
<Test name="testSimpleQueryForBlobFileDescriptorSuccessNull" />
<Test name="testSimpleQueryForBlobFileDescriptorSuccess00" />
<Test name="testSimpleQueryForBlobFileDescriptorSuccessFF" />
<Test name="testSimpleQueryForBlobFileDescriptorSuccessEmbeddedNul" />
<Test name="testSimpleQueryForBlobFileDescriptorSuccessParam" />
<Test name="testGetBlobFailureNoParam" />
<Test name="testGetBlobFailureParam" />
<Test name="testAndroidTestCaseSetupProperly" />
</TestCase>
<TestCase name="SQLiteProgramTest">
<Test name="testBind" />
<Test name="testBindNull" />
<Test name="testBindBlob" />
<Test name="testAndroidTestCaseSetupProperly" />
</TestCase>
<TestCase name="SQLiteDiskIOExceptionTest">
<Test name="testConstructor" />
<Test name="testAndroidTestCaseSetupProperly" />
</TestCase>
<TestCase name="SQLiteDatabaseTest">
<Test name="testOpenDatabase" />
<Test name="testDeleteDatabase" />
<Test name="testTransaction" />
<Test name="testAccessMaximumSize" />
<Test name="testAccessPageSize" />
<Test name="testCompileStatement" />
<Test name="testDelete" />
<Test name="testExecSQL" />
<Test name="testFindEditTable" />
<Test name="testGetPath" />
<Test name="testAccessVersion" />
<Test name="testInsert" />
<Test name="testIsOpen" />
<Test name="testIsReadOnly" />
<Test name="testReleaseMemory" />
<Test name="testSetLockingEnabled" />
<Test name="testYieldIfContendedWhenNotContended" />
<Test name="testYieldIfContendedWhenContended" />
<Test name="testQuery" />
<Test name="testReplace" />
<Test name="testUpdate" />
<Test name="testNeedUpgrade" />
<Test name="testSetLocale" />
<Test name="testOnAllReferencesReleased" />
<Test name="testTransactionWithSQLiteTransactionListener" />
<Test name="testRollbackTransactionWithSQLiteTransactionListener" />
<Test name="testGroupConcat" />
<Test name="testSchemaChanges" />
<Test name="testSchemaChangesNewTable" />
<Test name="testSchemaChangesDropTable" />
<Test name="testReaderGetsOldVersionOfDataWhenWriterIsInXact" />
<Test name="testExceptionsFromEnableWriteAheadLogging" />
<Test name="testEnableThenDisableWriteAheadLogging" />
<Test name="testEnableThenDisableWriteAheadLoggingUsingOpenFlag" />
<Test name="testEnableWriteAheadLoggingFromContextUsingModeFlag" />
<Test name="testEnableWriteAheadLoggingShouldThrowIfTransactionInProgress" />
<Test name="testDisableWriteAheadLoggingShouldThrowIfTransactionInProgress" />
<Test name="testEnableAndDisableForeignKeys" />
<Test name="testAndroidTestCaseSetupProperly" />
</TestCase>
<TestCase name="SQLiteConstraintExceptionTest">
<Test name="testConstructor" />
<Test name="testAndroidTestCaseSetupProperly" />
</TestCase>
<TestCase name="SQLiteFullExceptionTest">
<Test name="testConstructor" />
<Test name="testAndroidTestCaseSetupProperly" />
</TestCase>
<TestCase name="SQLiteAbortExceptionTest">
<Test name="testConstructor" />
<Test name="testAndroidTestCaseSetupProperly" />
</TestCase>
</TestSuite>
</TestSuite>
</TestSuite>
</TestSuite>
</TestPackage>
