<?xml version="1.0" encoding="UTF-8"?>
<TestPackage appNameSpace="com.android.cts.graphics" appPackageName="android.graphics" name="CtsGraphicsTestCases" runner="android.test.InstrumentationCtsTestRunner" targetBinaryName="CtsTestStubs" targetNameSpace="com.android.cts.stub" version="1.0">
<TestSuite name="android">
<TestSuite name="opengl">
<TestSuite name="cts">
<TestCase name="GLSurfaceViewTest">
<Test name="testPauseResumeWithDelay" />
<Test name="testPauseResumeWithoutDelay" />
</TestCase>
<TestCase name="EglConfigTest">
<Test name="testEglConfigs" />
</TestCase>
<TestCase name="CompressedTextureTest">
<Test name="testTextureUncompressed" />
<Test name="testTextureETC1" />
<Test name="testTexturePVRTC" />
<Test name="testTextureS3TC" />
</TestCase>
<TestCase name="OpenGlEsVersionTest">
<Test name="testOpenGlEsVersion" />
</TestCase>
</TestSuite>
</TestSuite>
<TestSuite name="graphics">
<TestSuite name="drawable">
<TestSuite name="cts">
<TestCase name="ColorDrawableTest">
<Test name="testConstructors" />
<Test name="testDraw" />
<Test name="testAccessAlpha" />
<Test name="testGetChangingConfigurations" />
<Test name="testGetConstantState" />
<Test name="testGetOpacity" />
<Test name="testInflate" />
<Test name="testSetColorFilter" />
<Test name="testAndroidTestCaseSetupProperly" />
</TestCase>
<TestCase name="RotateDrawableTest">
<Test name="testConstructor" />
<Test name="testDraw" />
<Test name="testGetChangingConfigurations" />
<Test name="testSetAlpha" />
<Test name="testSetColorFilter" />
<Test name="testGetOpacity" />
<Test name="testInvalidateDrawable" />
<Test name="testScheduleDrawable" />
<Test name="testUnscheduleDrawable" />
<Test name="testGetPadding" />
<Test name="testSetVisible" />
<Test name="testIsStateful" />
<Test name="testMethods" />
<Test name="testGetIntrinsicWidthAndHeight" />
<Test name="testGetConstantState" />
<Test name="testMutate" />
<Test name="testAndroidTestCaseSetupProperly" />
</TestCase>
<TestCase name="StateListDrawableTest">
<Test name="testStateListDrawable" />
<Test name="testAddState" />
<Test name="testIsStateful" />
<Test name="testOnStateChange" />
<Test name="testOnStateChangeWithWildCardAtFirst" />
<Test name="testOnStateChangeWithNullStateSet" />
<Test name="testInflate" />
<Test name="testInflateWithNullParameters" />
<Test name="testMutate" />
</TestCase>
<TestCase name="ShapeDrawable_ShaderFactoryTest">
<Test name="testResize" />
</TestCase>
<TestCase name="TransitionDrawableTest">
<Test name="testConstructor" />
<Test name="testStartTransition" />
<Test name="testResetTransition" />
<Test name="testReverseTransition" />
<Test name="testDrawWithNUllCanvas" />
<Test name="testAccessCrossFadeEnabled" />
</TestCase>
<TestCase name="PictureDrawableTest">
<Test name="testConstructor" />
<Test name="testDraw" />
<Test name="testGetIntrinsicSize" />
<Test name="testGetOpacity" />
<Test name="testSetAlpha" />
<Test name="testSetColorFilter" />
<Test name="testSetDither" />
<Test name="testSetFilterBitmap" />
<Test name="testAccessPicture" />
<Test name="testAndroidTestCaseSetupProperly" />
</TestCase>
<TestCase name="ClipDrawableTest">
<Test name="testClipDrawable" />
<Test name="testDraw" />
<Test name="testGetChangingConfigurations" />
<Test name="testGetConstantState" />
<Test name="testGetIntrinsicHeight" />
<Test name="testGetIntrinsicWidth" />
<Test name="testGetOpacity" />
<Test name="testGetPadding" />
<Test name="testInflate" />
<Test name="testInvalidateDrawable" />
<Test name="testIsStateful" />
<Test name="testOnBoundsChange" />
<Test name="testOnLevelChange" />
<Test name="testOnStateChange" />
<Test name="testScheduleDrawable" />
<Test name="testSetAlpha" />
<Test name="testSetColorFilter" />
<Test name="testSetVisible" />
<Test name="testUnscheduleDrawable" />
<Test name="testAndroidTestCaseSetupProperly" />
</TestCase>
<TestCase name="DrawableTest">
<Test name="testClearColorFilter" />
<Test name="testCopyBounds" />
<Test name="testCreateFromPath" />
<Test name="testCreateFromStream" />
<Test name="testCreateFromResourceStream1" />
<Test name="testCreateFromResourceStream2" />
<Test name="testCreateFromXml" />
<Test name="testCreateFromXmlInner" />
<Test name="testAccessBounds" />
<Test name="testAccessChangingConfigurations" />
<Test name="testGetConstantState" />
<Test name="testGetCurrent" />
<Test name="testGetIntrinsicHeight" />
<Test name="testGetIntrinsicWidth" />
<Test name="testAccessLevel" />
<Test name="testGetMinimumHeight" />
<Test name="testGetMinimumWidth" />
<Test name="testGetPadding" />
<Test name="testAccessState" />
<Test name="testGetTransparentRegion" />
<Test name="testInflate" />
<Test name="testInvalidateSelf" />
<Test name="testIsStateful" />
<Test name="testVisible" />
<Test name="testOnBoundsChange" />
<Test name="testOnLevelChange" />
<Test name="testOnStateChange" />
<Test name="testResolveOpacity" />
<Test name="testScheduleSelf" />
<Test name="testSetCallback" />
<Test name="testSetColorFilter" />
<Test name="testSetDither" />
<Test name="testSetFilterBitmap" />
<Test name="testUnscheduleSelf" />
<Test name="testMutate" />
<Test name="testAndroidTestCaseSetupProperly" />
</TestCase>
<TestCase name="Drawable_ConstantStateTest">
<Test name="testGetChangingConfigurations" />
<Test name="testNewDrawable" />
</TestCase>
<TestCase name="AnimationDrawableTest">
<Test name="testConstructor" />
<Test name="testSetVisible" />
<Test name="testStart" />
<Test name="testRun" />
<Test name="testUnscheduleSelf" />
<Test name="testGetNumberOfFrames" />
<Test name="testGetFrame" />
<Test name="testGetDuration" />
<Test name="testAccessOneShot" />
<Test name="testInflate" />
<Test name="testInflateWithNullParameters" />
<Test name="testMutate" />
</TestCase>
<TestCase name="DrawableContainerStateTest">
<Test name="testAddChild" />
<Test name="testIsStateFul" />
<Test name="testAccessConstantSize" />
<Test name="testAccessConstantPadding" />
<Test name="testConstantHeightsAndWidths" />
<Test name="testGetOpacity" />
<Test name="testCanConstantState" />
<Test name="testGetChangingConfigurations" />
<Test name="testGrowArray" />
</TestCase>
<TestCase name="ShapeDrawableTest">
<Test name="testConstructors" />
<Test name="testDraw" />
<Test name="testGetChangingConfigurations" />
<Test name="testGetConstantState" />
<Test name="testAccessIntrinsicHeight" />
<Test name="testAccessIntrinsicWidth" />
<Test name="testGetOpacity" />
<Test name="testAccessPadding" />
<Test name="testGetPaint" />
<Test name="testAccessShaderFactory" />
<Test name="testAccessShape" />
<Test name="testInflate" />
<Test name="testOnBoundsChange" />
<Test name="testOnDraw" />
<Test name="testSetAlpha" />
<Test name="testSetColorFilter" />
<Test name="testSetDither" />
<Test name="testMutate" />
<Test name="testAndroidTestCaseSetupProperly" />
</TestCase>
<TestCase name="GradientDrawableTest">
<Test name="testConstructor" />
<Test name="testSetCornerRadii" />
<Test name="testSetCornerRadius" />
<Test name="testSetStroke" />
<Test name="testSetStroke1" />
<Test name="testSetSize" />
<Test name="testSetShape" />
<Test name="testSetGradientType" />
<Test name="testSetGradientCenter" />
<Test name="testSetGradientRadius" />
<Test name="testSetUseLevel" />
<Test name="testDraw" />
<Test name="testSetColor" />
<Test name="testGetChangingConfigurations" />
<Test name="testSetAlpha" />
<Test name="testSetDither" />
<Test name="testSetColorFilter" />
<Test name="testGetOpacity" />
<Test name="testMethods" />
<Test name="testInflate" />
<Test name="testGetIntrinsicWidth" />
<Test name="testGetIntrinsicHeight" />
<Test name="testGetConstantState" />
<Test name="testMutate" />
<Test name="testAndroidTestCaseSetupProperly" />
</TestCase>
<TestCase name="ScaleDrawableTest">
<Test name="testConstructor" />
<Test name="testInvalidateDrawable" />
<Test name="testScheduleDrawable" />
<Test name="testUnscheduleDrawable" />
<Test name="testDraw" />
<Test name="testGetChangingConfigurations" />
<Test name="testGetPadding" />
<Test name="testSetVisible" />
<Test name="testSetAlpha" />
<Test name="testSetColorFilter" />
<Test name="testGetOpacity" />
<Test name="testIsStateful" />
<Test name="testOnStateChange" />
<Test name="testOnLevelChange" />
<Test name="testOnBoundsChange" />
<Test name="testGetIntrinsicWidth" />
<Test name="testGetIntrinsicHeight" />
<Test name="testGetConstantState" />
<Test name="testInflate" />
<Test name="testMutate" />
<Test name="testAndroidTestCaseSetupProperly" />
</TestCase>
<TestCase name="BitmapDrawableTest">
<Test name="testConstructor" />
<Test name="testAccessGravity" />
<Test name="testSetAntiAlias" />
<Test name="testSetFilterBitmap" />
<Test name="testSetDither" />
<Test name="testAccessTileMode" />
<Test name="testGetChangingConfigurations" />
<Test name="testOnBoundsChange" />
<Test name="testSetAlpha" />
<Test name="testSetColorFilter" />
<Test name="testGetOpacity" />
<Test name="testGetConstantState" />
<Test name="testGetIntrinsicSize" />
<Test name="testSetTargetDensity" />
<Test name="testInflate" />
<Test name="testDraw" />
<Test name="testMutate" />
</TestCase>
<TestCase name="LayerDrawableTest">
<Test name="testConstructor" />
<Test name="testInflate" />
<Test name="testFindDrawableByLayerId" />
<Test name="testAccessId" />
<Test name="testGetNumberOfLayers" />
<Test name="testAccessDrawable" />
<Test name="testSetLayerInset" />
<Test name="testInvalidateDrawable" />
<Test name="testScheduleDrawable" />
<Test name="testUnscheduleDrawable" />
<Test name="testDraw" />
<Test name="testGetChangingConfigurations" />
<Test name="testGetPadding" />
<Test name="testSetVisible" />
<Test name="testSetDither" />
<Test name="testSetAlpha" />
<Test name="testSetColorFilter" />
<Test name="testGetOpacity" />
<Test name="testIsStateful" />
<Test name="testOnStateChange" />
<Test name="testOnLevelChange" />
<Test name="testOnBoundsChange" />
<Test name="testGetIntrinsicWidth" />
<Test name="testGetIntrinsicHeight" />
<Test name="testGetConstantState" />
<Test name="testMutate" />
<Test name="testAndroidTestCaseSetupProperly" />
</TestCase>
<TestCase name="NinePatchDrawableTest">
<Test name="testConstructors" />
<Test name="testDraw" />
<Test name="testGetChangingConfigurations" />
<Test name="testGetPadding" />
<Test name="testSetAlpha" />
<Test name="testSetColorFilter" />
<Test name="testSetDither" />
<Test name="testGetPaint" />
<Test name="testGetIntrinsicWidth" />
<Test name="testGetMinimumWidth" />
<Test name="testGetIntrinsicHeight" />
<Test name="testGetMinimumHeight" />
<Test name="testGetOpacity" />
<Test name="testGetTransparentRegion" />
<Test name="testGetConstantState" />
<Test name="testInflate" />
<Test name="testMutate" />
</TestCase>
<TestCase name="PaintDrawableTest">
<Test name="testConstructor" />
<Test name="testSetCornerRadius" />
<Test name="testSetCornerRadii" />
<Test name="testInflateTag" />
<Test name="testAndroidTestCaseSetupProperly" />
</TestCase>
<TestCase name="InsetDrawableTest">
<Test name="testConstructor" />
<Test name="testInflate" />
<Test name="testInvalidateDrawable" />
<Test name="testScheduleDrawable" />
<Test name="testUnscheduleDrawable" />
<Test name="testDraw" />
<Test name="testGetChangingConfigurations" />
<Test name="testGetPadding" />
<Test name="testSetVisible" />
<Test name="testSetAlpha" />
<Test name="testSetColorFilter" />
<Test name="testGetOpacity" />
<Test name="testIsStateful" />
<Test name="testOnStateChange" />
<Test name="testOnBoundsChange" />
<Test name="testGetIntrinsicWidth" />
<Test name="testGetIntrinsicHeight" />
<Test name="testGetConstantState" />
<Test name="testAndroidTestCaseSetupProperly" />
</TestCase>
<TestCase name="DrawableContainerTest">
<Test name="testDraw" />
<Test name="testGetChangingConfigurations" />
<Test name="testGetPadding" />
<Test name="testSetAlpha" />
<Test name="testSetDither" />
<Test name="testSetColorFilter" />
<Test name="testOnBoundsChange" />
<Test name="testIsStateful" />
<Test name="testOnStateChange" />
<Test name="testOnLevelChange" />
<Test name="testGetIntrinsicWidth" />
<Test name="testGetIntrinsicHeight" />
<Test name="testGetMinimumWidth" />
<Test name="testGetMinimumHeight" />
<Test name="testInvalidateDrawable" />
<Test name="testScheduleDrawable" />
<Test name="testUnscheduleDrawable" />
<Test name="testSetVisible" />
<Test name="testGetOpacity" />
<Test name="testAccessCurrentDrawable" />
<Test name="testAccessConstantState" />
<Test name="testMutate" />
</TestCase>
<TestCase name="LevelListDrawableTest">
<Test name="testLevelListDrawable" />
<Test name="testAddLevel" />
<Test name="testOnLevelChange" />
<Test name="testInflate" />
<Test name="testInflateWithNullParameters" />
<Test name="testMutate" />
</TestCase>
</TestSuite>
<TestSuite name="shapes">
<TestSuite name="cts">
<TestCase name="RoundRectShapeTest">
<Test name="testConstructor" />
<Test name="testDraw" />
<Test name="testClone" />
</TestCase>
<TestCase name="PathShapeTest">
<Test name="testConstructor" />
<Test name="testDraw" />
<Test name="testClone" />
</TestCase>
<TestCase name="RectShapeTest">
<Test name="testConstructor" />
<Test name="testDraw" />
<Test name="testClone" />
<Test name="testRect" />
</TestCase>
<TestCase name="ArcShapeTest">
<Test name="testConstructor" />
<Test name="testDraw" />
</TestCase>
<TestCase name="OvalShapeTest">
<Test name="testConstructor" />
<Test name="testDraw" />
</TestCase>
<TestCase name="ShapeTest">
<Test name="testSize" />
<Test name="testOnResize" />
<Test name="testClone" />
<Test name="testHasAlpha" />
<Test name="testDraw" />
</TestCase>
</TestSuite>
</TestSuite>
</TestSuite>
<TestSuite name="cts">
<TestCase name="BitmapFactoryTest">
<Test name="testConstructor" />
<Test name="testDecodeResource1" />
<Test name="testDecodeResource2" />
<Test name="testDecodeResourceStream" />
<Test name="testDecodeByteArray1" />
<Test name="testDecodeByteArray2" />
<Test name="testDecodeStream1" />
<Test name="testDecodeStream2" />
<Test name="testDecodeStream3" />
<Test name="testDecodeStream4" />
<Test name="testDecodeFileDescriptor1" />
<Test name="testDecodeFileDescriptor2" />
<Test name="testDecodeFile1" />
<Test name="testDecodeFile2" />
</TestCase>
<TestCase name="PictureTest">
<Test name="testPicture" />
</TestCase>
<TestCase name="BlurMaskFilterTest">
<Test name="testBlurMaskFilter" />
</TestCase>
<TestCase name="PaintFlagsDrawFilterTest">
<Test name="testPaintFlagsDrawFilter" />
<Test name="testAndroidTestCaseSetupProperly" />
</TestCase>
<TestCase name="DiscretePathEffectTest">
<Test name="testDiscretePathEffect" />
</TestCase>
<TestCase name="Bitmap_ConfigTest">
<Test name="testValueOf" />
<Test name="testValues" />
</TestCase>
<TestCase name="RectFTest">
<Test name="testConstructor" />
<Test name="testSort" />
<Test name="testSet1" />
<Test name="testSet2" />
<Test name="testSet3" />
<Test name="testIntersects1" />
<Test name="testIntersects2" />
<Test name="testIntersect1" />
<Test name="testIntersect2" />
<Test name="testUnion1" />
<Test name="testUnion2" />
<Test name="testUnion3" />
<Test name="testContains1" />
<Test name="testContains2" />
<Test name="testContains3" />
<Test name="testOffset" />
<Test name="testInset" />
<Test name="testHeight" />
<Test name="testWidth" />
<Test name="testOffsetTo" />
<Test name="testSetEmpty" />
<Test name="testIsEmpty" />
<Test name="testCenterX" />
<Test name="testCenterY" />
<Test name="testToString" />
<Test name="testSetIntersect" />
<Test name="testRoundOut" />
<Test name="testRound" />
<Test name="testWriteReadParcel" />
<Test name="testAndroidTestCaseSetupProperly" />
</TestCase>
<TestCase name="BitmapRegionDecoderTest">
<Test name="testNewInstanceInputStream" />
<Test name="testNewInstanceByteArray" />
<Test name="testNewInstanceStringAndFileDescriptor" />
<Test name="testDecodeRegionInputStream" />
<Test name="testDecodeRegionByteArray" />
<Test name="testDecodeRegionStringAndFileDescriptor" />
<Test name="testRecycle" />
</TestCase>
<TestCase name="Paint_CapTest">
<Test name="testValueOf" />
<Test name="testValues" />
</TestCase>
<TestCase name="BitmapFactory_OptionsTest">
<Test name="testOptions" />
<Test name="testRequestCancelDecode" />
<Test name="testAndroidTestCaseSetupProperly" />
</TestCase>
<TestCase name="BitmapTest">
<Test name="testCompress" />
<Test name="testCopy" />
<Test name="testCopyPixelsToBuffer" />
<Test name="testCreateBitmap1" />
<Test name="testCreateBitmap2" />
<Test name="testCreateBitmap3" />
<Test name="testCreateBitmap4" />
<Test name="testCreateBitmap6" />
<Test name="testCreateScaledBitmap" />
<Test name="testDescribeContents" />
<Test name="testEraseColor" />
<Test name="testExtractAlpha1" />
<Test name="testExtractAlpha2" />
<Test name="testGetConfig" />
<Test name="testGetHeight" />
<Test name="testGetNinePatchChunk" />
<Test name="testGetPixel" />
<Test name="testGetRowBytes" />
<Test name="testGetWidth" />
<Test name="testHasAlpha" />
<Test name="testIsMutable" />
<Test name="testIsRecycled" />
<Test name="testSetPixel" />
<Test name="testSetPixels" />
<Test name="testWriteToParcel" />
<Test name="testGetScaledHeight1" />
<Test name="testGetScaledHeight2" />
<Test name="testGetScaledHeight3" />
<Test name="testGetScaledWidth1" />
<Test name="testGetScaledWidth2" />
<Test name="testGetScaledWidth3" />
<Test name="testAndroidTestCaseSetupProperly" />
</TestCase>
<TestCase name="PathMeasureTest">
<Test name="testConstructor" />
<Test name="testGetPosTan" />
<Test name="testNextContour" />
<Test name="testGetLength" />
<Test name="testIsClosed" />
<Test name="testSetPath" />
<Test name="testGetSegment" />
<Test name="testGetMatrix" />
<Test name="testAndroidTestCaseSetupProperly" />
</TestCase>
<TestCase name="Path_FillTypeTest">
<Test name="testValueOf" />
<Test name="testValues" />
<Test name="testAndroidTestCaseSetupProperly" />
</TestCase>
<TestCase name="MaskFilterTest">
<Test name="testConstructor" />
</TestCase>
<TestCase name="CanvasTest">
<Test name="testCanvas1" />
<Test name="testCanvas2" />
<Test name="testSetBitmap" />
<Test name="testIsOpaque" />
<Test name="testRestore" />
<Test name="testSave1" />
<Test name="testSave2" />
<Test name="testSaveLayer1" />
<Test name="testSaveLayer2" />
<Test name="testSaveLayerAlpha1" />
<Test name="testSaveLayerAlpha2" />
<Test name="testGetSaveCount" />
<Test name="testRestoreToCount" />
<Test name="testGetMatrix1" />
<Test name="testGetMatrix2" />
<Test name="testTranslate" />
<Test name="testScale1" />
<Test name="testScale2" />
<Test name="testRotate1" />
<Test name="testRotate2" />
<Test name="testSkew" />
<Test name="testConcat" />
<Test name="testClipRect1" />
<Test name="testClipRect2" />
<Test name="testClipRect3" />
<Test name="testClipRect4" />
<Test name="testClipRect5" />
<Test name="testClipRect6" />
<Test name="testClipRect7" />
<Test name="testClipPath1" />
<Test name="testClipPath2" />
<Test name="testClipRegion1" />
<Test name="testClipRegion2" />
<Test name="testGetDrawFilter" />
<Test name="testQuickReject1" />
<Test name="testQuickReject2" />
<Test name="testQuickReject3" />
<Test name="testGetClipBounds1" />
<Test name="testGetClipBounds2" />
<Test name="testDrawRGB" />
<Test name="testDrawARGB" />
<Test name="testDrawColor1" />
<Test name="testDrawColor2" />
<Test name="testDrawPaint" />
<Test name="testDrawPoints1" />
<Test name="testDrawPoints2" />
<Test name="testDrawPoint" />
<Test name="testDrawLine" />
<Test name="testDrawLines1" />
<Test name="testDrawLines2" />
<Test name="testDrawRect1" />
<Test name="testDrawRect2" />
<Test name="testDrawRect3" />
<Test name="testDrawOval" />
<Test name="testDrawCircle" />
<Test name="testDrawArc" />
<Test name="testDrawRoundRect" />
<Test name="testDrawPath" />
<Test name="testDrawBitmap1" />
<Test name="testDrawBitmap2" />
<Test name="testDrawBitmap3" />
<Test name="testDrawBitmap4" />
<Test name="testDrawBitmap6" />
<Test name="testDrawBitmap5" />
<Test name="testDrawBitmapMesh" />
<Test name="testDrawVertices" />
<Test name="testDrawText1" />
<Test name="testDrawText2" />
<Test name="testDrawText3" />
<Test name="testDrawText4" />
<Test name="testDrawPosText1" />
<Test name="testDrawPosText2" />
<Test name="testDrawTextOnPath1" />
<Test name="testDrawTextOnPath2" />
<Test name="testDrawPicture1" />
<Test name="testDrawPicture2" />
<Test name="testDrawPicture3" />
<Test name="testDensity" />
</TestCase>
<TestCase name="LinearGradientTest">
<Test name="testLinearGradient" />
<Test name="testAndroidTestCaseSetupProperly" />
</TestCase>
<TestCase name="PathDashPathEffect_StyleTest">
<Test name="testValueOf" />
<Test name="testValues" />
<Test name="testAndroidTestCaseSetupProperly" />
</TestCase>
<TestCase name="ColorMatrixColorFilterTest">
<Test name="testColorMatrixColorFilter" />
</TestCase>
<TestCase name="ColorTest">
<Test name="testAlpha" />
<Test name="testArgb" />
<Test name="testBlue" />
<Test name="testGreen" />
<Test name="testHSVToColor1" />
<Test name="testHSVToColor2" />
<Test name="testParseColor" />
<Test name="testRed" />
<Test name="testRgb" />
<Test name="testRGBToHSV" />
<Test name="testAndroidTestCaseSetupProperly" />
</TestCase>
<TestCase name="Paint_FontMetricsIntTest">
<Test name="testConstructor" />
<Test name="testToString" />
</TestCase>
<TestCase name="ComposePathEffectTest">
<Test name="testComposePathEffect" />
</TestCase>
<TestCase name="Interpolator_ResultTest">
<Test name="testValueOf" />
<Test name="testValues" />
</TestCase>
<TestCase name="Paint_AlignTest">
<Test name="testValueOf" />
<Test name="testValues" />
</TestCase>
<TestCase name="Canvas_VertexModeTest">
<Test name="testValueOf" />
<Test name="testValues" />
<Test name="testAndroidTestCaseSetupProperly" />
</TestCase>
<TestCase name="Paint_JoinTest">
<Test name="testValueOf" />
<Test name="testValues" />
</TestCase>
<TestCase name="YuvImageTest">
<Test name="testYuvImage" />
<Test name="testCompressYuvToJpeg" />
<Test name="testGetHeight" />
<Test name="testGetYuvData" />
<Test name="testGetYuvFormat" />
<Test name="testAndroidTestCaseSetupProperly" />
</TestCase>
<TestCase name="Region_OpTest">
<Test name="testValueOf" />
<Test name="testValues" />
<Test name="testAndroidTestCaseSetupProperly" />
</TestCase>
<TestCase name="PathEffectTest">
<Test name="testConstructor" />
<Test name="testAndroidTestCaseSetupProperly" />
</TestCase>
<TestCase name="AvoidXfermodeTest">
<Test name="testAvoidXfermode" />
</TestCase>
<TestCase name="BitmapShaderTest">
<Test name="testBitmapShader" />
</TestCase>
<TestCase name="ColorMatrixTest">
<Test name="testColorMatrix" />
<Test name="testReset" />
<Test name="testSet1" />
<Test name="testSet2" />
<Test name="testSetRotate" />
<Test name="testSetSaturation" />
<Test name="testSetScale" />
<Test name="testSetRGB2YUV" />
<Test name="testSetYUV2RGB" />
<Test name="testPostConcat" />
<Test name="testPreConcat" />
<Test name="testSetConcat" />
<Test name="testAndroidTestCaseSetupProperly" />
</TestCase>
<TestCase name="ShaderTest">
<Test name="testConstructor" />
<Test name="testAccessLocalMatrix" />
<Test name="testAndroidTestCaseSetupProperly" />
</TestCase>
<TestCase name="PointFTest">
<Test name="testConstructor" />
<Test name="testNegate" />
<Test name="testLength1" />
<Test name="testLength2" />
<Test name="testSet1" />
<Test name="testSet2" />
<Test name="testEquals" />
<Test name="testOffset" />
<Test name="testAndroidTestCaseSetupProperly" />
</TestCase>
<TestCase name="RasterizerTest">
<Test name="testFinalize" />
<Test name="testAndroidTestCaseSetupProperly" />
</TestCase>
<TestCase name="PorterDuffColorFilterTest">
<Test name="testPorterDuffColorFilter" />
<Test name="testAndroidTestCaseSetupProperly" />
</TestCase>
<TestCase name="ComposeShaderTest">
<Test name="testPorterDuff" />
<Test name="testXfermode" />
</TestCase>
<TestCase name="Shader_TileModeTest">
<Test name="testValueOf" />
<Test name="testValues" />
</TestCase>
<TestCase name="Bitmap_CompressFormatTest">
<Test name="testValueOf" />
<Test name="testValues" />
<Test name="testAndroidTestCaseSetupProperly" />
</TestCase>
<TestCase name="PorterDuffXfermodeTest">
<Test name="testPorterDuffXfermode" />
</TestCase>
<TestCase name="LayerRasterizerTest">
<Test name="testConstructor" />
<Test name="testAddLayer1" />
<Test name="testAddLayer2" />
</TestCase>
<TestCase name="MovieTest">
<Test name="testDraw1" />
<Test name="testDraw2" />
<Test name="testDecodeFile" />
<Test name="testDecodeByteArray" />
<Test name="testDecodeStream" />
<Test name="testSetTime" />
<Test name="testGetMovieProperties" />
</TestCase>
<TestCase name="Path_DirectionTest">
<Test name="testValueOf" />
<Test name="testValues" />
<Test name="testAndroidTestCaseSetupProperly" />
</TestCase>
<TestCase name="PaintTest">
<Test name="testConstructor" />
<Test name="testBreakText" />
<Test name="testSet" />
<Test name="testAccessStrokeCap" />
<Test name="testAccessXfermode" />
<Test name="testAccessShader" />
<Test name="testSetAntiAlias" />
<Test name="testAccessTypeface" />
<Test name="testAccessPathEffect" />
<Test name="testSetFakeBoldText" />
<Test name="testAccessStrokeJoin" />
<Test name="testAccessStyle" />
<Test name="testGetFontSpacing" />
<Test name="testSetSubpixelText" />
<Test name="testAccessTextScaleX" />
<Test name="testAccessMaskFilter" />
<Test name="testAccessColorFilter" />
<Test name="testAccessRasterizer" />
<Test name="testSetARGB" />
<Test name="testAscent" />
<Test name="testAccessTextSkewX" />
<Test name="testAccessTextSize" />
<Test name="testGetTextWidths" />
<Test name="testSetStrikeThruText" />
<Test name="testAccessTextAlign" />
<Test name="testGetFillPath" />
<Test name="testAccessAlpha" />
<Test name="testSetFilterBitmap" />
<Test name="testAccessColor" />
<Test name="testSetShadowLayer" />
<Test name="testGetFontMetrics1" />
<Test name="testGetFontMetrics2" />
<Test name="testAccessStrokeMiter" />
<Test name="testClearShadowLayer" />
<Test name="testSetUnderlineText" />
<Test name="testSetDither" />
<Test name="testDescent" />
<Test name="testAccessFlags" />
<Test name="testAccessStrokeWidth" />
<Test name="testReset" />
<Test name="testSetLinearText" />
<Test name="testGetFontMetricsInt1" />
<Test name="testGetFontMetricsInt2" />
<Test name="testMeasureText" />
<Test name="testMeasureTextWithLongText" />
<Test name="testGetTextPath1" />
<Test name="testGetTextPath2" />
<Test name="testAndroidTestCaseSetupProperly" />
</TestCase>
<TestCase name="DashPathEffectTest">
<Test name="testDashPathEffect" />
</TestCase>
<TestCase name="EmbossMaskFilterTest">
<Test name="testEmbossMaskFilter" />
</TestCase>
<TestCase name="RegionIteratorTest">
<Test name="testConstructor" />
<Test name="testNext" />
<Test name="testAndroidTestCaseSetupProperly" />
</TestCase>
<TestCase name="PixelXorXfermodeTest">
<Test name="testPixelXorXfermode" />
<Test name="testAndroidTestCaseSetupProperly" />
</TestCase>
<TestCase name="PathTest">
<Test name="testConstructor" />
<Test name="testAddRect1" />
<Test name="testAddRect2" />
<Test name="testMoveTo" />
<Test name="testSet" />
<Test name="testAccessFillType" />
<Test name="testRQuadTo" />
<Test name="testTransform1" />
<Test name="testTransform2" />
<Test name="testLineTo" />
<Test name="testClose" />
<Test name="testQuadTo" />
<Test name="testAddCircle" />
<Test name="testArcTo1" />
<Test name="testArcTo2" />
<Test name="testComputeBounds1" />
<Test name="testComputeBounds2" />
<Test name="testRMoveTo" />
<Test name="testSetLastPoint" />
<Test name="testRLineTo" />
<Test name="testIsEmpty" />
<Test name="testRewind" />
<Test name="testAddOval" />
<Test name="testIsRect" />
<Test name="testIncReserve" />
<Test name="testAddPath1" />
<Test name="testAddPath2" />
<Test name="testAddPath3" />
<Test name="testAddRoundRect1" />
<Test name="testAddRoundRect2" />
<Test name="testIsInverseFillType" />
<Test name="testOffset1" />
<Test name="testOffset2" />
<Test name="testCubicTo" />
<Test name="testReset" />
<Test name="testToggleInverseFillType" />
<Test name="testAddArc" />
<Test name="testRCubicTo" />
</TestCase>
<TestCase name="BlurMaskFilter_BlurTest">
<Test name="testValueOf" />
<Test name="testValues" />
</TestCase>
<TestCase name="Canvas_EdgeTypeTest">
<Test name="testValueOf" />
<Test name="testValues" />
</TestCase>
<TestCase name="Matrix_ScaleToFitTest">
<Test name="testValues" />
<Test name="testValueOf" />
<Test name="testValueOf2" />
<Test name="testAndroidTestCaseSetupProperly" />
</TestCase>
<TestCase name="MatrixTest">
<Test name="testConstractor" />
<Test name="testIsIdentity" />
<Test name="testRectStaysRect" />
<Test name="testSet" />
<Test name="testEquals" />
<Test name="testReset" />
<Test name="testSetScale" />
<Test name="testSetScale2" />
<Test name="testSetRotate" />
<Test name="testSetRotate2" />
<Test name="testSetSinCos" />
<Test name="testSetSinCos2" />
<Test name="testSetSkew" />
<Test name="testSetSkew2" />
<Test name="testSetConcat" />
<Test name="testPreTranslate" />
<Test name="testPreScale" />
<Test name="testPreScale2" />
<Test name="testPreRotate" />
<Test name="testPreRotate2" />
<Test name="testPreSkew" />
<Test name="testPreSkew2" />
<Test name="testPreConcat" />
<Test name="testPostTranslate" />
<Test name="testPostScale" />
<Test name="testPostScale2" />
<Test name="testPostRotate" />
<Test name="testPostRotate2" />
<Test name="testPostSkew" />
<Test name="testPostSkew2" />
<Test name="testPostConcat" />
<Test name="testSetRectToRect" />
<Test name="testInvert" />
<Test name="testSetPolyToPoly" />
<Test name="testMapPoints" />
<Test name="testMapPoints2" />
<Test name="testMapPoints3" />
<Test name="testMapVectors" />
<Test name="testMapVectors2" />
<Test name="testMapVectors3" />
<Test name="testMapRadius" />
<Test name="testMapRect" />
<Test name="testMapRect2" />
<Test name="testAccessValues" />
<Test name="testToString" />
<Test name="testToShortString" />
<Test name="testSetTranslate" />
<Test name="testAndroidTestCaseSetupProperly" />
</TestCase>
<TestCase name="SweepGradientTest">
<Test name="test2Colors" />
<Test name="testColorArray" />
<Test name="testMultiColor" />
</TestCase>
<TestCase name="PathDashPathEffectTest">
<Test name="testPathDashPathEffect" />
</TestCase>
<TestCase name="PixelFormatTest">
<Test name="testConstructor" />
<Test name="testGetPixelFormatInfo" />
<Test name="testFormatHasAlpha" />
</TestCase>
<TestCase name="NinePatchTest">
<Test name="testConstructor" />
<Test name="testIsNinePatchChunk" />
<Test name="testDraw" />
<Test name="testHasAlpha" />
<Test name="testGetHeight" />
<Test name="testGetWidth" />
<Test name="testGetDensity" />
<Test name="testGetTransparentRegion" />
<Test name="testAndroidTestCaseSetupProperly" />
</TestCase>
<TestCase name="DrawFilterTest">
<Test name="testConstructor" />
</TestCase>
<TestCase name="CornerPathEffectTest">
<Test name="testCornerPathEffect" />
</TestCase>
<TestCase name="TypefaceTest">
<Test name="testIsBold" />
<Test name="testCreate" />
<Test name="testDefaultFromStyle" />
<Test name="testConstants" />
<Test name="testCreateFromAsset" />
<Test name="testCreateFromFile1" />
<Test name="testCreateFromFile2" />
<Test name="testAndroidTestCaseSetupProperly" />
</TestCase>
<TestCase name="CameraTest">
<Test name="testCamera" />
<Test name="testRestore" />
<Test name="testTranslate" />
<Test name="testRotateX" />
<Test name="testRotateY" />
<Test name="testRotateZ" />
<Test name="testApplyToCanvas" />
<Test name="testDotWithNormal" />
<Test name="testAndroidTestCaseSetupProperly" />
</TestCase>
<TestCase name="InterpolatorTest">
<Test name="testConstructor" />
<Test name="testReset1" />
<Test name="testReset2" />
<Test name="testTimeToValues1" />
<Test name="testTimeToValues2" />
<Test name="testSetRepeatMirror" />
<Test name="testSetKeyFrame" />
</TestCase>
<TestCase name="SumPathEffectTest">
<Test name="testSumPathEffect" />
</TestCase>
<TestCase name="LightingColorFilterTest">
<Test name="testLightingColorFilter" />
</TestCase>
<TestCase name="RegionTest">
<Test name="testConstructor" />
<Test name="testSet1" />
<Test name="testSet2" />
<Test name="testSet3" />
<Test name="testIsRect" />
<Test name="testIsComplex" />
<Test name="testQuickContains1" />
<Test name="testQuickContains2" />
<Test name="testUnion" />
<Test name="testContains" />
<Test name="testEmpty" />
<Test name="testGetBounds" />
<Test name="testOp1" />
<Test name="testOp2" />
<Test name="testOp3" />
<Test name="testOp4" />
<Test name="testOp5" />
<Test name="testGetBoundaryPath1" />
<Test name="testGetBoundaryPath2" />
<Test name="testSetPath" />
<Test name="testTranslate1" />
<Test name="testTranslate2" />
<Test name="testWriteToParcel" />
<Test name="testDescribeContents" />
<Test name="testQuickReject1" />
<Test name="testQuickReject2" />
<Test name="testQuickReject3" />
<Test name="testAndroidTestCaseSetupProperly" />
</TestCase>
<TestCase name="PointTest">
<Test name="testConstructor" />
<Test name="testSet" />
<Test name="testEquals1" />
<Test name="testEquals2" />
<Test name="testHashCode" />
<Test name="testToString" />
<Test name="testOffset" />
<Test name="testNegate" />
<Test name="testAndroidTestCaseSetupProperly" />
</TestCase>
<TestCase name="AvoidXfermode_ModeTest">
<Test name="testValueOf" />
<Test name="testValues" />
<Test name="testAndroidTestCaseSetupProperly" />
</TestCase>
<TestCase name="RectTest">
<Test name="testConstructor" />
<Test name="testSet1" />
<Test name="testSet2" />
<Test name="testIntersects1" />
<Test name="testIntersects2" />
<Test name="testHeight" />
<Test name="testOffsetTo" />
<Test name="testSetIntersect" />
<Test name="testUnion1" />
<Test name="testUnion2" />
<Test name="testUnion3" />
<Test name="testContains1" />
<Test name="testContains2" />
<Test name="testContains3" />
<Test name="testWidth" />
<Test name="testIsEmpty" />
<Test name="testIntersect1" />
<Test name="testIntersect2" />
<Test name="testCenterY" />
<Test name="testToString" />
<Test name="testSort" />
<Test name="testCenterX" />
<Test name="testEquals" />
<Test name="testOffset" />
<Test name="testInset" />
<Test name="testSetEmpty" />
<Test name="testExactCenterX" />
<Test name="testExactCenterY" />
<Test name="testAccessParcel" />
<Test name="testFlattenToString" />
<Test name="testDescribeContents" />
<Test name="testAndroidTestCaseSetupProperly" />
</TestCase>
<TestCase name="Paint_StyleTest">
<Test name="testValueOf" />
<Test name="testValues" />
</TestCase>
</TestSuite>
</TestSuite>
</TestSuite>
</TestPackage>
