<?xml version="1.0" encoding="UTF-8"?>
<TestPackage appNameSpace="com.android.cts.gesture" appPackageName="android.gesture" name="CtsGestureTestCases" runner="android.test.InstrumentationCtsTestRunner" version="1.0">
<TestSuite name="android">
<TestSuite name="gesture">
<TestSuite name="cts">
<TestCase name="GestureStoreTest">
<Test name="testHasChanged_add" />
<Test name="testHasChanged_removeGesture" />
<Test name="testHasChanged_removeEntry" />
<Test name="testSaveLoadOutputStream" />
<Test name="testGetGestureEntries" />
<Test name="testRecognize" />
<Test name="testRemoveGesture" />
<Test name="testRemoveEntry" />
<Test name="testGetGestures" />
</TestCase>
<TestCase name="GestureStrokeTest">
<Test name="testGetPath_empty" />
<Test name="testGetPath_singlePoint" />
<Test name="testGetPath_line" />
<Test name="testToPath_line" />
<Test name="testToPath_boundedLine" />
<Test name="testComputeOrientedBoundingBox" />
<Test name="testBoundingBox_line" />
</TestCase>
<TestCase name="GestureTest">
<Test name="testGetStrokes" />
<Test name="testGetStrokesCount" />
<Test name="testGetBoundingBox" />
<Test name="testToPath" />
<Test name="testToPathPath" />
<Test name="testReadWriteToParcel" />
</TestCase>
<TestCase name="GestureLibraryTest">
<Test name="testIsReadOnly" />
<Test name="testGetGestureEntries" />
<Test name="testRecognize" />
<Test name="testRemoveGesture" />
<Test name="testRemoveEntry" />
<Test name="testGetGestures" />
</TestCase>
<TestCase name="GesturePointTest">
<Test name="testGesturePointConstructor" />
</TestCase>
</TestSuite>
</TestSuite>
</TestSuite>
</TestPackage>
