<?xml version="1.0" encoding="UTF-8"?>
<TestPackage appNameSpace="com.android.cts.holo" appPackageName="android.holo" name="CtsHoloTestCases" runner="android.test.InstrumentationCtsTestRunner" version="1.0">
<TestSuite name="android">
<TestSuite name="holo">
<TestSuite name="cts">
<TestCase name="HoloTest">
<Test name="testHolo" />
<Test name="testHoloDialog" />
<Test name="testHoloDialogMinimumWidth" />
<Test name="testHoloDialogNoActionBar" />
<Test name="testHoloDialogNoActionBarMinimumWidth" />
<Test name="testHoloDialogWhenLarge" />
<Test name="testHoloDialogWhenLargeNoActionBar" />
<Test name="testHoloInputMethod" />
<Test name="testHoloLight" />
<Test name="testHoloLightDarkActionBar" />
<Test name="testHoloLightDialog" />
<Test name="testHoloLightDialogMinimumWidth" />
<Test name="testHoloLightDialogNoActionBar" />
<Test name="testHoloLightDialogNoActionBarMinimumWidth" />
<Test name="testHoloLightDialogWhenLarge" />
<Test name="testHoloLightDialogWhenLargeNoActionBar" />
<Test name="testHoloLightNoActionBar" />
<Test name="testHoloLightNoActionBarFullscreen" />
<Test name="testHoloLightPanel" />
<Test name="testHoloNoActionBar" />
<Test name="testHoloNoActionBarFullscreen" />
<Test name="testHoloPanel" />
<Test name="testHoloWallpaper" />
<Test name="testHoloWallpaperNoTitleBar" />
</TestCase>
</TestSuite>
</TestSuite>
</TestSuite>
</TestPackage>
