<?xml version="1.0" encoding="UTF-8"?>
<TestPackage appNameSpace="com.android.cts.location" appPackageName="android.location" name="CtsLocationTestCases" runner="android.test.InstrumentationCtsTestRunner" version="1.0">
<TestSuite name="android">
<TestSuite name="location">
<TestSuite name="cts">
<TestCase name="GpsSatelliteTest">
<Test name="testGetAzimuth" />
<Test name="testGetElevation" />
<Test name="testGetPrn" />
<Test name="testGetSnr" />
<Test name="testHasAlmanac" />
<Test name="testHasEphemeris" />
<Test name="testUsedInFix" />
<Test name="testAndroidTestCaseSetupProperly" />
</TestCase>
<TestCase name="CriteriaTest">
<Test name="testConstructor" />
<Test name="testDescribeContents" />
<Test name="testAccessAccuracy" />
<Test name="testAccessPowerRequirement" />
<Test name="testAccessAltitudeRequired" />
<Test name="testAccessBearingRequired" />
<Test name="testAccessCostAllowed" />
<Test name="testAccessSpeedRequired" />
<Test name="testWriteToParcel" />
<Test name="testAndroidTestCaseSetupProperly" />
</TestCase>
<TestCase name="LocationProviderTest">
<Test name="testGetName" />
<Test name="testMeetsCriteria" />
<Test name="testAndroidTestCaseSetupProperly" />
</TestCase>
<TestCase name="GeocoderTest">
<Test name="testConstructor" />
<Test name="testGetFromLocation" />
<Test name="testGetFromLocationName" />
<Test name="testAndroidTestCaseSetupProperly" />
</TestCase>
<TestCase name="GpsStatusTest">
<Test name="testGetSatellites" />
<Test name="testGetTimeToFirstFix" />
<Test name="testAndroidTestCaseSetupProperly" />
</TestCase>
<TestCase name="LocationManagerTest">
<Test name="testRemoveTestProvider" />
<Test name="testGetProviders" />
<Test name="testGetProvider" />
<Test name="testGetProvidersWithCriteria" />
<Test name="testLocationUpdatesWithLocationListener" />
<Test name="testReplaceRealProvidersWithMocks" />
<Test name="testLocationUpdatesWithLocationListenerAndLooper" />
<Test name="testLocationUpdatesWithPendingIntent" />
<Test name="testAddProximityAlert" />
<Test name="testIsProviderEnabled" />
<Test name="testGetLastKnownLocation" />
<Test name="testGpsStatusListener" />
<Test name="testGetGpsStatus" />
<Test name="testSendExtraCommand" />
<Test name="testSetTestProviderStatus" />
<Test name="testEnterProximity" />
<Test name="testEnterProximity_noexpire" />
<Test name="testExitProximity" />
</TestCase>
<TestCase name="AddressTest">
<Test name="testConstructor" />
<Test name="testDescribeContents" />
<Test name="testAccessAdminArea" />
<Test name="testAccessCountryCode" />
<Test name="testAccessCountryName" />
<Test name="testAccessExtras" />
<Test name="testAccessFeatureName" />
<Test name="testAccessLatitude" />
<Test name="testAccessLongitude" />
<Test name="testAccessPhone" />
<Test name="testAccessPostalCode" />
<Test name="testAccessThoroughfare" />
<Test name="testAccessUrl" />
<Test name="testAccessSubAdminArea" />
<Test name="testToString" />
<Test name="testAddressLine" />
<Test name="testGetLocale" />
<Test name="testAccessLocality" />
<Test name="testWriteToParcel" />
</TestCase>
<TestCase name="LocationTest">
<Test name="testConstructor" />
<Test name="testDump" />
<Test name="testBearingTo" />
<Test name="testConvert_CoordinateToRepresentation" />
<Test name="testConvert_RepresentationToCoordinate" />
<Test name="testDescribeContents" />
<Test name="testDistanceBetween" />
<Test name="testDistanceTo" />
<Test name="testAccessAccuracy" />
<Test name="testAccessAltitude" />
<Test name="testAccessBearing" />
<Test name="testAccessExtras" />
<Test name="testAccessLatitude" />
<Test name="testAccessLongitude" />
<Test name="testAccessProvider" />
<Test name="testAccessSpeed" />
<Test name="testAccessTime" />
<Test name="testSet" />
<Test name="testToString" />
<Test name="testWriteToParcel" />
<Test name="testAndroidTestCaseSetupProperly" />
</TestCase>
</TestSuite>
</TestSuite>
</TestSuite>
</TestPackage>
