<?xml version="1.0" encoding="UTF-8"?>
<TestPackage appPackageName="android.monkey" name="CtsMonkeyTestCases" testType="hostSideOnly" jarPath="CtsMonkeyTestCases.jar" version="1.0">
<TestSuite name="com">
<TestSuite name="android">
<TestSuite name="cts">
<TestSuite name="monkey">
<TestCase name="SeedTest">
<Test name="testSeed" />
</TestCase>
<TestCase name="MonkeyTest">
<Test name="testIsMonkey" />
<Test name="testNotMonkey" />
</TestCase>
<TestCase name="CategoryTest">
<Test name="testDefaultCategories" />
<Test name="testSingleCategory" />
<Test name="testMultipleCategories" />
</TestCase>
<TestCase name="VerbosityTest">
<Test name="testVerbosity" />
</TestCase>
<TestCase name="PackageTest">
<Test name="testSinglePackage" />
<Test name="testMultiplePackages" />
</TestCase>
</TestSuite>
</TestSuite>
</TestSuite>
</TestSuite>
</TestPackage>
