<?xml version="1.0" encoding="UTF-8"?>
<TestPackage appNameSpace="com.android.cts.media" appPackageName="android.media" name="CtsMediaTestCases" runner="android.test.InstrumentationCtsTestRunner" version="1.0">
<TestSuite name="android">
<TestSuite name="media">
<TestSuite name="cts">
<TestCase name="BassBoostTest">
<Test name="test0_0ConstructorAndRelease" />
<Test name="test1_0Strength" />
<Test name="test1_1Properties" />
<Test name="test1_2SetStrengthAfterRelease" />
<Test name="test2_0SetEnabledGetEnabled" />
<Test name="test2_1SetEnabledAfterRelease" />
<Test name="test3_0ControlStatusListener" />
<Test name="test3_1EnableStatusListener" />
<Test name="test3_2ParameterChangedListener" />
<Test name="testAndroidTestCaseSetupProperly" />
</TestCase>
<TestCase name="AudioManagerTest">
<Test name="testMicrophoneMute" />
<Test name="testSoundEffects" />
<Test name="testMusicActive" />
<Test name="testAccessMode" />
<Test name="testRouting" />
<Test name="testVibrateNotification" />
<Test name="testVibrateRinger" />
<Test name="testAccessRingMode" />
<Test name="testVolume" />
<Test name="testSetInvalidRingerMode" />
<Test name="testAndroidTestCaseSetupProperly" />
</TestCase>
<TestCase name="AudioRecord_BufferSizeTest">
<Test name="testGetMinBufferSize" />
<Test name="testAndroidTestCaseSetupProperly" />
</TestCase>
<TestCase name="MediaScannerConnectionTest">
<Test name="testMediaScannerConnection" />
<Test name="testAndroidTestCaseSetupProperly" />
</TestCase>
<TestCase name="EncoderTest">
<Test name="testAMRNBEncoders" />
<Test name="testAMRWBEncoders" />
<Test name="testAACEncoders" />
<Test name="testAndroidTestCaseSetupProperly" />
</TestCase>
<TestCase name="CamcorderProfileTest">
<Test name="testGet" />
<Test name="testGetWithId" />
<Test name="testAndroidTestCaseSetupProperly" />
</TestCase>
<TestCase name="PresetReverbTest">
<Test name="test0_0ConstructorAndRelease" />
<Test name="test1_0Presets" />
<Test name="test1_1Properties" />
<Test name="test2_0SetEnabledGetEnabled" />
<Test name="test2_1SetEnabledAfterRelease" />
<Test name="test3_0ControlStatusListener" />
<Test name="test3_1EnableStatusListener" />
<Test name="test3_2ParameterChangedListener" />
<Test name="testAndroidTestCaseSetupProperly" />
</TestCase>
<TestCase name="AudioTrack_ListenerTest">
<Test name="testAudioTrackCallback" />
<Test name="testAudioTrackCallbackWithHandler" />
<Test name="testAndroidTestCaseSetupProperly" />
</TestCase>
<TestCase name="CameraProfileTest">
<Test name="testGetImageEncodingQualityParameter" />
<Test name="testGetWithId" />
<Test name="testAndroidTestCaseSetupProperly" />
</TestCase>
<TestCase name="MediaRecorderTest">
<Test name="testRecorderCamera" />
<Test name="testSetCamera" />
<Test name="testRecorderTimelapsedVideo" />
<Test name="testRecorderVideo" />
<Test name="testRecordingAudioInRawFormats" />
<Test name="testGetAudioSourceMax" />
<Test name="testRecorderAudio" />
<Test name="testOnInfoListener" />
<Test name="testSetMaxDuration" />
<Test name="testSetMaxFileSize" />
<Test name="testOnErrorListener" />
</TestCase>
<TestCase name="AsyncPlayerTest">
<Test name="testAsyncPlayer" />
<Test name="testAndroidTestCaseSetupProperly" />
</TestCase>
<TestCase name="MediaPlayerTest">
<Test name="testPlayNullSource" />
<Test name="testPlayAudio" />
<Test name="testPlayVideo" />
<Test name="testSetNextMediaPlayer" />
<Test name="testGapless1" />
<Test name="testGapless2" />
<Test name="testGapless3" />
<Test name="testVideoSurfaceResetting" />
<Test name="testRecordedVideoPlayback0" />
<Test name="testRecordedVideoPlayback90" />
<Test name="testRecordedVideoPlayback180" />
<Test name="testRecordedVideoPlayback270" />
<Test name="testLocalVideo_MP4_H264_480x360_500kbps_25fps_AAC_Stereo_128kbps_44110Hz" />
<Test name="testLocalVideo_MP4_H264_480x360_500kbps_30fps_AAC_Stereo_128kbps_44110Hz" />
<Test name="testLocalVideo_MP4_H264_480x360_1000kbps_25fps_AAC_Stereo_128kbps_44110Hz" />
<Test name="testLocalVideo_MP4_H264_480x360_1000kbps_30fps_AAC_Stereo_128kbps_44110Hz" />
<Test name="testLocalVideo_MP4_H264_480x360_1350kbps_25fps_AAC_Stereo_128kbps_44110Hz" />
<Test name="testLocalVideo_MP4_H264_480x360_1350kbps_30fps_AAC_Stereo_128kbps_44110Hz" />
<Test name="testLocalVideo_MP4_H264_480x360_1350kbps_30fps_AAC_Stereo_192kbps_44110Hz" />
<Test name="testLocalVideo_3gp_H263_176x144_56kbps_12fps_AAC_Mono_24kbps_11025Hz" />
<Test name="testLocalVideo_3gp_H263_176x144_56kbps_12fps_AAC_Mono_24kbps_22050Hz" />
<Test name="testLocalVideo_3gp_H263_176x144_56kbps_12fps_AAC_Stereo_24kbps_11025Hz" />
<Test name="testLocalVideo_3gp_H263_176x144_56kbps_12fps_AAC_Stereo_24kbps_22050Hz" />
<Test name="testLocalVideo_3gp_H263_176x144_56kbps_12fps_AAC_Stereo_128kbps_11025Hz" />
<Test name="testLocalVideo_3gp_H263_176x144_56kbps_12fps_AAC_Stereo_128kbps_22050Hz" />
<Test name="testLocalVideo_3gp_H263_176x144_56kbps_25fps_AAC_Mono_24kbps_11025Hz" />
<Test name="testLocalVideo_3gp_H263_176x144_56kbps_25fps_AAC_Mono_24kbps_22050Hz" />
<Test name="testLocalVideo_3gp_H263_176x144_56kbps_25fps_AAC_Stereo_24kbps_11025Hz" />
<Test name="testLocalVideo_3gp_H263_176x144_56kbps_25fps_AAC_Stereo_24kbps_22050Hz" />
<Test name="testLocalVideo_3gp_H263_176x144_56kbps_25fps_AAC_Stereo_128kbps_11025Hz" />
<Test name="testLocalVideo_3gp_H263_176x144_56kbps_25fps_AAC_Stereo_128kbps_22050Hz" />
<Test name="testLocalVideo_3gp_H263_176x144_300kbps_12fps_AAC_Mono_24kbps_11025Hz" />
<Test name="testLocalVideo_3gp_H263_176x144_300kbps_12fps_AAC_Mono_24kbps_22050Hz" />
<Test name="testLocalVideo_3gp_H263_176x144_300kbps_12fps_AAC_Stereo_24kbps_11025Hz" />
<Test name="testLocalVideo_3gp_H263_176x144_300kbps_12fps_AAC_Stereo_24kbps_22050Hz" />
<Test name="testLocalVideo_3gp_H263_176x144_300kbps_12fps_AAC_Stereo_128kbps_11025Hz" />
<Test name="testLocalVideo_3gp_H263_176x144_300kbps_12fps_AAC_Stereo_128kbps_22050Hz" />
<Test name="testLocalVideo_3gp_H263_176x144_300kbps_25fps_AAC_Mono_24kbps_11025Hz" />
<Test name="testLocalVideo_3gp_H263_176x144_300kbps_25fps_AAC_Mono_24kbps_22050Hz" />
<Test name="testLocalVideo_3gp_H263_176x144_300kbps_25fps_AAC_Stereo_24kbps_11025Hz" />
<Test name="testLocalVideo_3gp_H263_176x144_300kbps_25fps_AAC_Stereo_24kbps_22050Hz" />
<Test name="testLocalVideo_3gp_H263_176x144_300kbps_25fps_AAC_Stereo_128kbps_11025Hz" />
<Test name="testLocalVideo_3gp_H263_176x144_300kbps_25fps_AAC_Stereo_128kbps_22050Hz" />
<Test name="testCallback" />
<Test name="testRecordAndPlay" />
</TestCase>
<TestCase name="AudioPreProcessingTest">
<Test name="test1_1NsCreateAndRelease" />
<Test name="test1_2NsSetEnabledGetEnabled" />
<Test name="test2_1AecCreateAndRelease" />
<Test name="test2_2AecSetEnabledGetEnabled" />
<Test name="test3_1AgcCreateAndRelease" />
<Test name="test3_2AgcSetEnabledGetEnabled" />
<Test name="testAndroidTestCaseSetupProperly" />
</TestCase>
<TestCase name="MediaPlayerFlakyNetworkTest">
<Test name="test_S0P0" expectation="failure" />
<Test name="test_S1P000005" expectation="failure" />
<Test name="test_S2P00001" expectation="failure" />
<Test name="test_S3P00001" expectation="failure" />
<Test name="test_S4P00001" expectation="failure" />
<Test name="test_S5P00001" expectation="failure" />
<Test name="test_S6P00002" expectation="failure" />
</TestCase>
<TestCase name="JetPlayerTest">
<Test name="testLoadJetFromPath" />
<Test name="testLoadJetFromFd" />
<Test name="testQueueJetSegmentMuteArray" />
<Test name="testClone" />
<Test name="testAndroidTestCaseSetupProperly" />
</TestCase>
<TestCase name="EnvReverbTest">
<Test name="test0_0ConstructorAndRelease" />
<Test name="test1_0Room" />
<Test name="test1_1Decay" />
<Test name="test1_2Reverb" />
<Test name="test1_3Reflections" />
<Test name="test1_4DiffusionAndDensity" />
<Test name="test1_5Properties" />
<Test name="test2_0SetEnabledGetEnabled" />
<Test name="test2_1SetEnabledAfterRelease" />
<Test name="test3_0ControlStatusListener" />
<Test name="test3_1EnableStatusListener" />
<Test name="test3_2ParameterChangedListener" />
<Test name="testAndroidTestCaseSetupProperly" />
</TestCase>
<TestCase name="MediaScannerTest">
<Test name="testMediaScanner" />
<Test name="testWildcardPaths" />
<Test name="testAndroidTestCaseSetupProperly" />
</TestCase>
<TestCase name="EqualizerTest">
<Test name="test0_0ConstructorAndRelease" />
<Test name="test1_0BandLevel" />
<Test name="test1_1BandFrequency" />
<Test name="test1_2Presets" />
<Test name="test1_3Properties" />
<Test name="test1_4SetBandLevelAfterRelease" />
<Test name="test2_0SetEnabledGetEnabled" />
<Test name="test2_1SetEnabledAfterRelease" />
<Test name="test3_0ControlStatusListener" />
<Test name="test3_1EnableStatusListener" />
<Test name="test3_2ParameterChangedListener" />
<Test name="testAndroidTestCaseSetupProperly" />
</TestCase>
<TestCase name="MediaScannerNotificationTest">
<Test name="testMediaScannerNotification" />
<Test name="testAndroidTestCaseSetupProperly" />
</TestCase>
<TestCase name="MediaPlayerSurfaceTest">
<Test name="testSetSurface" />
</TestCase>
<TestCase name="StreamingMediaPlayerTest">
<Test name="testRTSP_H263_AMR_Video1" expectation="failure" />
<Test name="testRTSP_H263_AMR_Video2" expectation="failure" />
<Test name="testRTSP_MPEG4SP_AAC_Video1" expectation="failure" />
<Test name="testRTSP_MPEG4SP_AAC_Video2" expectation="failure" />
<Test name="testRTSP_H264Base_AAC_Video1" expectation="failure" />
<Test name="testRTSP_H264Base_AAC_Video2" expectation="failure" />
<Test name="testHTTP_H263_AMR_Video1" />
<Test name="testHTTP_H263_AMR_Video2" />
<Test name="testHTTP_MPEG4SP_AAC_Video1" />
<Test name="testHTTP_MPEG4SP_AAC_Video2" />
<Test name="testHTTP_H264Base_AAC_Video1" />
<Test name="testHTTP_H264Base_AAC_Video2" />
<Test name="testHLS" />
<Test name="testPlayMp3Stream1" />
<Test name="testPlayMp3Stream2" />
<Test name="testPlayMp3StreamRedirect" />
<Test name="testPlayMp3StreamNoLength" />
<Test name="testPlayOggStream" />
<Test name="testPlayOggStreamRedirect" />
<Test name="testPlayOggStreamNoLength" />
</TestCase>
<TestCase name="SoundPoolOggTest">
<Test name="testLoad" />
<Test name="testSoundPoolOp" />
<Test name="testMultiSound" />
<Test name="testLoadMore" />
<Test name="testAndroidTestCaseSetupProperly" />
</TestCase>
<TestCase name="VirtualizerTest">
<Test name="test0_0ConstructorAndRelease" />
<Test name="test1_0Strength" />
<Test name="test1_1Properties" />
<Test name="test1_2SetStrengthAfterRelease" />
<Test name="test2_0SetEnabledGetEnabled" />
<Test name="test2_1SetEnabledAfterRelease" />
<Test name="test3_0ControlStatusListener" />
<Test name="test3_1EnableStatusListener" />
<Test name="test3_2ParameterChangedListener" />
<Test name="testAndroidTestCaseSetupProperly" />
</TestCase>
<TestCase name="MediaCodecListTest">
<Test name="testMediaCodecXmlFileExist" />
<Test name="testComponentInstantiation" />
<Test name="testGetCapabilities" />
<Test name="testRequiredMediaCodecList" />
<Test name="testIsH263BaselineProfileSupported" />
<Test name="testIsAVCBaselineProfileSupported" />
<Test name="testIsM4VSimpleProfileSupported" />
<Test name="testAndroidTestCaseSetupProperly" />
</TestCase>
<TestCase name="AudioRecordTest">
<Test name="testAudioRecordProperties" />
<Test name="testAudioRecordOP" />
<Test name="testAndroidTestCaseSetupProperly" />
</TestCase>
<TestCase name="FaceDetectorTest">
<Test name="testFindFaces" />
</TestCase>
<TestCase name="RingtoneTest">
<Test name="testRingtone" />
<Test name="testAndroidTestCaseSetupProperly" />
</TestCase>
<TestCase name="VideoEditorTest">
</TestCase>
<TestCase name="DecoderTest">
<Test name="testDecodeMp3Lame" />
<Test name="testDecodeMp3Smpb" />
<Test name="testDecodeM4a" />
<Test name="testDecodeOgg" />
<Test name="testDecodeWav" />
<Test name="testDecodeFlac" />
<Test name="testAndroidTestCaseSetupProperly" />
</TestCase>
<TestCase name="AudioTrackTest">
<Test name="testConstructorMono16MusicStream" />
<Test name="testConstructorStereo16MusicStream" />
<Test name="testConstructorMono16MusicStatic" />
<Test name="testConstructorStereo16MusicStatic" />
<Test name="testConstructorMono8MusicStream" />
<Test name="testConstructorStereo8MusicStream" />
<Test name="testConstructorMono8MusicStatic" />
<Test name="testConstructorStereo8MusicStatic" />
<Test name="testConstructorStreamType" />
<Test name="testPlaybackHeadPositionAfterInit" />
<Test name="testPlaybackHeadPositionIncrease" />
<Test name="testPlaybackHeadPositionAfterFlush" />
<Test name="testPlaybackHeadPositionAfterStop" />
<Test name="testPlaybackHeadPositionAfterPause" />
<Test name="testSetStereoVolumeMax" />
<Test name="testSetStereoVolumeMin" />
<Test name="testSetStereoVolumeMid" />
<Test name="testSetPlaybackRate" />
<Test name="testSetPlaybackRateZero" />
<Test name="testSetPlaybackRateTwiceOutputSR" />
<Test name="testSetGetPlaybackRate" />
<Test name="testSetPlaybackRateUninit" />
<Test name="testSetPlaybackHeadPositionPlaying" />
<Test name="testSetPlaybackHeadPositionStopped" />
<Test name="testSetPlaybackHeadPositionPaused" />
<Test name="testSetPlaybackHeadPositionTooFar" />
<Test name="testSetLoopPointsStream" />
<Test name="testSetLoopPointsStartAfterEnd" />
<Test name="testSetLoopPointsSuccess" />
<Test name="testSetLoopPointsLoopTooLong" />
<Test name="testSetLoopPointsStartTooFar" />
<Test name="testSetLoopPointsEndTooFar" />
<Test name="testWriteByteOffsetTooBig" />
<Test name="testWriteShortOffsetTooBig" />
<Test name="testWriteByteSizeTooBig" />
<Test name="testWriteShortSizeTooBig" />
<Test name="testWriteByteNegativeOffset" />
<Test name="testWriteShortNegativeOffset" />
<Test name="testWriteByteNegativeSize" />
<Test name="testWriteShortNegativeSize" />
<Test name="testWriteByte" />
<Test name="testWriteShort" />
<Test name="testWriteByte8bit" />
<Test name="testWriteShort8bit" />
<Test name="testGetMinBufferSizeTooLowSR" />
<Test name="testGetMinBufferSizeTooHighSR" />
<Test name="testAudioTrackProperties" />
<Test name="testReloadStaticData" />
<Test name="testPlayStreamData" />
<Test name="testAndroidTestCaseSetupProperly" />
</TestCase>
<TestCase name="RingtoneManagerTest">
<Test name="testConstructors" />
<Test name="testAccessMethods" />
<Test name="testSetType" />
<Test name="testStopPreviousRingtone" />
</TestCase>
<TestCase name="SoundPoolAacTest">
<Test name="testLoad" />
<Test name="testSoundPoolOp" />
<Test name="testMultiSound" />
<Test name="testLoadMore" />
<Test name="testAndroidTestCaseSetupProperly" />
</TestCase>
<TestCase name="AudioEffectTest">
<Test name="test0_0QueryEffects" />
<Test name="test1_0ConstructorFromType" />
<Test name="test1_1ConstructorFromUuid" />
<Test name="test1_2ConstructorUnknownType" />
<Test name="test1_3GetEnabledAfterRelease" />
<Test name="test1_4InsertOnMediaPlayer" />
<Test name="test1_5AuxiliaryOnMediaPlayer" />
<Test name="test1_6AuxiliaryOnMediaPlayerFailure" />
<Test name="test1_7AuxiliaryOnAudioTrack" />
<Test name="test2_0SetEnabledGetEnabled" />
<Test name="test2_1SetEnabledAfterRelease" />
<Test name="test3_0SetParameterByteArrayByteArray" />
<Test name="test3_1SetParameterIntInt" />
<Test name="test3_2SetParameterIntShort" />
<Test name="test3_3SetParameterIntByteArray" />
<Test name="test3_4SetParameterIntArrayIntArray" />
<Test name="test3_5SetParameterIntArrayShortArray" />
<Test name="test3_6SetParameterIntArrayByteArray" />
<Test name="test3_7SetParameterAfterRelease" />
<Test name="test3_8GetParameterAfterRelease" />
<Test name="test4_0setEnabledLowerPriority" />
<Test name="test4_1setParameterLowerPriority" />
<Test name="test4_2ControlStatusListener" />
<Test name="test4_3EnableStatusListener" />
<Test name="test4_4ParameterChangedListener" />
<Test name="test5_0Command" />
<Test name="testAndroidTestCaseSetupProperly" />
</TestCase>
<TestCase name="ToneGeneratorTest">
<Test name="testSyncGenerate" />
<Test name="testAndroidTestCaseSetupProperly" />
</TestCase>
<TestCase name="FaceDetector_FaceTest">
<Test name="testFaceProperties" />
</TestCase>
<TestCase name="MediaPlayerTestBase">
</TestCase>
<TestCase name="VisualizerTest">
<Test name="test0_0ConstructorAndRelease" />
<Test name="test1_0CaptureRates" />
<Test name="test1_1CaptureSize" />
<Test name="test2_0PollingCapture" />
<Test name="test2_1ListenerCapture" />
<Test name="testAndroidTestCaseSetupProperly" />
</TestCase>
</TestSuite>
</TestSuite>
</TestSuite>
</TestPackage>
