<?xml version="1.0" encoding="UTF-8"?>
<TestPackage appNameSpace="com.android.cts.net" appPackageName="android.net" name="CtsNetTestCases" runner="android.test.InstrumentationCtsTestRunner" version="1.0">
<TestSuite name="android">
<TestSuite name="net">
<TestSuite name="wifi">
<TestSuite name="cts">
<TestCase name="WifiInfoTest">
<Test name="testWifiInfoProperties" />
<Test name="testAndroidTestCaseSetupProperly" />
</TestCase>
<TestCase name="WifiManagerTest">
<Test name="testWifiManagerActions" />
<Test name="testWifiManagerProperties" />
<Test name="testWifiManagerNetWork" />
<Test name="testSignal" />
<Test name="testAndroidTestCaseSetupProperly" />
</TestCase>
<TestCase name="WifiManager_WifiLockTest">
<Test name="testWifiLock" />
<Test name="testAndroidTestCaseSetupProperly" />
</TestCase>
<TestCase name="ScanResultTest">
<Test name="testScanResultProperties" />
<Test name="testAndroidTestCaseSetupProperly" />
</TestCase>
<TestCase name="ConcurrencyTest">
<Test name="testConcurrency" />
<Test name="testAndroidTestCaseSetupProperly" />
</TestCase>
<TestCase name="SupplicantStateTest">
<Test name="testIsValidState" />
<Test name="testAndroidTestCaseSetupProperly" />
</TestCase>
<TestCase name="WifiConfigurationTest">
<Test name="testWifiConfiguration" />
<Test name="testAndroidTestCaseSetupProperly" />
</TestCase>
</TestSuite>
</TestSuite>
<TestSuite name="http">
<TestSuite name="cts">
<TestCase name="SslCertificate_DNameTest">
<Test name="testDName" />
</TestCase>
<TestCase name="SslErrorTest">
<Test name="testHasError" />
<Test name="testAddError" />
<Test name="testAddErrorIgnoresInvalidValues" />
<Test name="testConstructorIgnoresInvalidValues" />
<Test name="testGetPrimaryError" />
<Test name="testGetPrimaryErrorWithEmptySet" />
<Test name="testGetUrl" />
<Test name="testGetUrlWithDeprecatedConstructor" />
</TestCase>
<TestCase name="ApacheHttpClientTest">
<Test name="testExecute_withMobile" />
<Test name="testExecute_withWifi" />
<Test name="testAndroidTestCaseSetupProperly" />
</TestCase>
<TestCase name="SslCertificateTest">
<Test name="testConstructor" />
<Test name="testState" />
<Test name="testSslCertificate" />
</TestCase>
</TestSuite>
</TestSuite>
<TestSuite name="rtp">
<TestSuite name="cts">
<TestCase name="AudioCodecTest">
<Test name="testConstants" />
<Test name="testGetCodec" />
<Test name="testGetCodecs" />
<Test name="testAndroidTestCaseSetupProperly" />
</TestCase>
<TestCase name="AudioGroupTest">
<Test name="testTraffic" />
<Test name="testSetMode" />
<Test name="testAdd" />
<Test name="testRemove" />
<Test name="testClear" />
<Test name="testDoubleClear" />
<Test name="testAndroidTestCaseSetupProperly" />
</TestCase>
<TestCase name="AudioStreamTest">
<Test name="testV4Stream" />
<Test name="testV6Stream" />
<Test name="testSetDtmfType" />
<Test name="testSetCodec" />
<Test name="testDoubleRelease" />
<Test name="testAndroidTestCaseSetupProperly" />
</TestCase>
</TestSuite>
</TestSuite>
<TestSuite name="cts">
<TestCase name="ProxyTest">
<Test name="testConstructor" />
<Test name="testAccessProperties" />
<Test name="testAndroidTestCaseSetupProperly" />
</TestCase>
<TestCase name="Uri_BuilderTest">
<Test name="testBuilderOperations" />
</TestCase>
<TestCase name="UrlQuerySanitizerTest">
<Test name="testUrlQuerySanitizer" />
<Test name="testAndroidTestCaseSetupProperly" />
</TestCase>
<TestCase name="NetworkInfo_DetailedStateTest">
<Test name="testValueOf" />
<Test name="testValues" />
<Test name="testAndroidTestCaseSetupProperly" />
</TestCase>
<TestCase name="UrlQuerySanitizer_ParameterValuePairTest">
<Test name="testConstructor" />
<Test name="testAndroidTestCaseSetupProperly" />
</TestCase>
<TestCase name="LocalSocketTest">
<Test name="testLocalConnections" />
<Test name="testAccessors" />
<Test name="testAndroidTestCaseSetupProperly" />
</TestCase>
<TestCase name="MailToTest">
<Test name="testParseMailToURI" />
<Test name="testAndroidTestCaseSetupProperly" />
</TestCase>
<TestCase name="LocalServerSocketTest">
<Test name="testLocalServerSocket" />
<Test name="testAndroidTestCaseSetupProperly" />
</TestCase>
<TestCase name="UriTest">
<Test name="testParcelling" />
<Test name="testBuildUpon" />
<Test name="testStringUri" />
<Test name="testCompareTo" />
<Test name="testEqualsAndHashCode" />
<Test name="testEncodeAndDecode" />
<Test name="testFromFile" />
<Test name="testQueryParameters" />
<Test name="testPathOperations" />
<Test name="testOpaqueUri" />
<Test name="testHierarchicalUris" />
<Test name="testNormalizeScheme" />
<Test name="testAndroidTestCaseSetupProperly" />
</TestCase>
<TestCase name="DhcpInfoTest">
<Test name="testConstructor" />
<Test name="testToString" />
<Test name="testAndroidTestCaseSetupProperly" />
</TestCase>
<TestCase name="UrlQuerySanitizer_IllegalCharacterValueSanitizerTest">
<Test name="testSanitize" />
<Test name="testAndroidTestCaseSetupProperly" />
</TestCase>
<TestCase name="TrafficStatsTest">
<Test name="testGetMobileStats" />
<Test name="testTrafficStatsForLocalhost" />
<Test name="testAndroidTestCaseSetupProperly" />
</TestCase>
<TestCase name="LocalSocketAddress_NamespaceTest">
<Test name="testValueOf" />
<Test name="testValues" />
<Test name="testAndroidTestCaseSetupProperly" />
</TestCase>
<TestCase name="SSLCertificateSocketFactoryTest">
<Test name="testAccessProperties" />
<Test name="testCreateSocket" />
<Test name="test_createSocket_simple" />
<Test name="test_createSocket_wrapping" />
<Test name="test_createSocket_bind" />
<Test name="testAndroidTestCaseSetupProperly" />
</TestCase>
<TestCase name="CredentialsTest">
<Test name="testCredentials" />
<Test name="testAndroidTestCaseSetupProperly" />
</TestCase>
<TestCase name="NetworkInfo_StateTest">
<Test name="testValueOf" />
<Test name="testValues" />
<Test name="testAndroidTestCaseSetupProperly" />
</TestCase>
<TestCase name="ConnectivityManagerTest">
<Test name="testGetNetworkInfo" />
<Test name="testIsNetworkTypeValid" />
<Test name="testGetAllNetworkInfo" />
<Test name="testStartUsingNetworkFeature" />
<Test name="testRequestRouteToHost" />
<Test name="testGetActiveNetworkInfo" />
<Test name="testTest" />
<Test name="testStartUsingNetworkFeature_enableHipri" />
<Test name="testAndroidTestCaseSetupProperly" />
</TestCase>
<TestCase name="VpnServiceTest">
<Test name="testPrepare" />
<Test name="testEstablish" />
<Test name="testProtect_DatagramSocket" />
<Test name="testProtect_Socket" />
<Test name="testProtect_int" />
<Test name="testTunDevice" />
<Test name="testAndroidTestCaseSetupProperly" />
</TestCase>
<TestCase name="NetworkInfoTest">
<Test name="testAccessNetworkInfoProperties" />
<Test name="testAndroidTestCaseSetupProperly" />
</TestCase>
<TestCase name="LocalSocketAddressTest">
<Test name="testNewLocalSocketAddressWithDefaultNamespace" />
<Test name="testAndroidTestCaseSetupProperly" />
</TestCase>
</TestSuite>
</TestSuite>
</TestSuite>
</TestPackage>
