<?xml version="1.0" encoding="UTF-8"?>
<TestPackage appNameSpace="com.android.cts.opengl" appPackageName="android.opengl" name="CtsOpenGLTestCases" runner="android.test.InstrumentationCtsTestRunner" version="1.0">
<TestSuite name="android">
<TestSuite name="opengl">
<TestSuite name="cts">
<TestCase name="ProgramTest">
<Test name="test_glAttachShader_program" />
</TestCase>
<TestCase name="AttachShaderTest">
<Test name="test_glAttachedShaders_validshader" />
<Test name="test_glAttachedShaders_invalidshader" expectation="failure" />
<Test name="test_glAttachedShaders_attach_same_shader" />
<Test name="test_glAttachedShaders_noshader" />
<Test name="test_glAttachShaders_emptyfragshader_emptyfragshader" />
<Test name="test_glAttachShaders_emptyfragshader_emptyvertexshader" />
<Test name="test_glAttachShaders_emptyvertexshader_emptyvertexshader" />
<Test name="test_glAttachShaders_programobject_attach_fragshaderobject" />
<Test name="test_glAttachShaders_invalidshader_attach_valid_handle" />
<Test name="test_glAttachShaders_successfulcompile_attach_frag" />
</TestCase>
<TestCase name="NativeAttachShaderTest">
<Test name="test_glAttachedShaders_validshader" />
<Test name="test_glAttachedShaders_invalidshader" />
<Test name="test_glAttachedShaders_attach_same_shader" />
<Test name="test_glAttachedShaders_noshader" />
<Test name="test_glAttachShaders_emptyfragshader_emptyfragshader" />
<Test name="test_glAttachShaders_emptyfragshader_emptyvertexshader" />
</TestCase>
</TestSuite>
</TestSuite>
</TestSuite>
</TestPackage>
