<?xml version="1.0" encoding="UTF-8"?>
<TestPackage appNameSpace="com.android.cts.os" appPackageName="android.os" name="CtsOsTestCases" runner="android.test.InstrumentationCtsTestRunner" targetBinaryName="CtsTestStubs" targetNameSpace="com.android.cts.stub" version="1.0">
<TestSuite name="android">
<TestSuite name="os">
<TestSuite name="cts">
<TestCase name="ParcelFormatExceptionTest">
<Test name="testParcelFormatException" />
</TestCase>
<TestCase name="MessengerTest">
<Test name="testConstructorAndEquals" />
<Test name="testSend" />
<Test name="testHashCode" />
<Test name="testGetBinder" />
<Test name="testWriteToParcel" />
<Test name="testDescribeContents" />
<Test name="testWriteMessengerOrNullToParcel" />
<Test name="testAndroidTestCaseSetupProperly" />
</TestCase>
<TestCase name="PatternMatcherTest">
<Test name="testConstructor" />
<Test name="testGetType" />
<Test name="testGetPath" />
<Test name="testToString" />
<Test name="testWriteToParcel" />
<Test name="testDescribeContents" />
<Test name="testMatch" />
</TestCase>
<TestCase name="ResultReceiverTest">
<Test name="testResultReceiver" />
<Test name="testAndroidTestCaseSetupProperly" />
</TestCase>
<TestCase name="FileObserverTest">
<Test name="testConstructor" />
<Test name="testFileObserver" />
<Test name="testAndroidTestCaseSetupProperly" />
</TestCase>
<TestCase name="VibratorTest">
<Test name="testVibratorCancel" />
<Test name="testVibratePattern" />
<Test name="testVibrateMultiThread" />
<Test name="testAndroidTestCaseSetupProperly" />
</TestCase>
<TestCase name="FileAccessPermissionTest">
<Test name="testSystemDirAccess" />
<Test name="testApksAlwaysReadable" />
<Test name="testAccessAppDataDir" />
<Test name="testAndroidTestCaseSetupProperly" />
</TestCase>
<TestCase name="BadParcelableExceptionTest">
<Test name="testBadParcelableException" />
</TestCase>
<TestCase name="ParcelFileDescriptorTest">
<Test name="testConstructorAndOpen" />
<Test name="testFromSocket" />
<Test name="testFromData" />
<Test name="testFromDataSkip" />
<Test name="testToString" />
<Test name="testWriteToParcel" />
<Test name="testClose" />
<Test name="testGetStatSize" />
<Test name="testGetFileDescriptor" />
<Test name="testDescribeContents" />
<Test name="testAndroidTestCaseSetupProperly" />
</TestCase>
<TestCase name="DebugTest">
<Test name="testPrintLoadedClasses" />
<Test name="testStartMethodTracing" />
<Test name="testStartNativeTracing" />
<Test name="testThreadCpuTimeNanos" />
<Test name="testWaitingForDebugger" />
<Test name="testGetAndReset" />
<Test name="testDumpService" />
<Test name="testAndroidTestCaseSetupProperly" />
</TestCase>
<TestCase name="MemoryFileTest">
<Test name="testConstructor" />
<Test name="testWriteBytes" />
<Test name="testGetOutputStream" />
<Test name="testAllowPurging" />
<Test name="testLength" />
<Test name="testReadBytes" />
<Test name="testClose" />
</TestCase>
<TestCase name="ProcessTest">
<Test name="testMiscMethods" />
<Test name="testKillProcess" />
<Test name="testSendSignal" />
<Test name="testAndroidTestCaseSetupProperly" />
</TestCase>
<TestCase name="DeadObjectExceptionTest">
<Test name="testDeadObjectException" />
</TestCase>
<TestCase name="LooperTest">
<Test name="testDump" />
<Test name="testGetMainLooper" />
<Test name="testLoop" />
<Test name="testMyLooper" />
<Test name="testMyQueue" />
<Test name="testPrepare" />
<Test name="testPrepareMainLooper" />
<Test name="testQuit" />
<Test name="testSetMessageLogging" />
<Test name="testToString" />
<Test name="testAndroidTestCaseSetupProperly" />
</TestCase>
<TestCase name="RecoverySystemTest">
<Test name="testVerify" />
<Test name="testAndroidTestCaseSetupProperly" />
</TestCase>
<TestCase name="BundleTest">
<Test name="testBundle" />
<Test name="testClear" />
<Test name="testClone" />
<Test name="testContainsKey" />
<Test name="testGet" />
<Test name="testGetBoolean1" />
<Test name="testGetBoolean2" />
<Test name="testGetBooleanArray" />
<Test name="testGetBundle" />
<Test name="testGetByte1" />
<Test name="testGetByte2" />
<Test name="testGetByteArray" />
<Test name="testGetChar1" />
<Test name="testGetChar2" />
<Test name="testGetCharArray" />
<Test name="testGetCharSequence" />
<Test name="testGetCharSequenceArray" />
<Test name="testGetCharSequenceArrayList" />
<Test name="testGetDouble1" />
<Test name="testGetDouble2" />
<Test name="testGetDoubleArray" />
<Test name="testGetFloat1" />
<Test name="testGetFloat2" />
<Test name="testGetFloatArray" />
<Test name="testGetInt1" />
<Test name="testGetInt2" />
<Test name="testGetIntArray" />
<Test name="testGetIntegerArrayList" />
<Test name="testGetLong1" />
<Test name="testGetLong2" />
<Test name="testGetLongArray" />
<Test name="testGetParcelable" />
<Test name="testGetParcelableArray" />
<Test name="testGetParcelableArrayList" />
<Test name="testGetSerializable" />
<Test name="testGetShort1" />
<Test name="testGetShort2" />
<Test name="testGetShortArray" />
<Test name="testGetSparseParcelableArray" />
<Test name="testGetString" />
<Test name="testGetStringArray" />
<Test name="testGetStringArrayList" />
<Test name="testKeySet" />
<Test name="testDescribeContents" />
<Test name="testHasFileDescriptors" />
<Test name="testSetClassLoader" />
<Test name="testWriteToParcel" />
<Test name="testSize" />
<Test name="testToString" />
<Test name="testPutAll" />
<Test name="testAndroidTestCaseSetupProperly" />
</TestCase>
<TestCase name="SystemClockTest">
<Test name="testCurrentThreadTimeMillis" />
<Test name="testElapsedRealtime" />
<Test name="testSetCurrentTimeMillis" />
<Test name="testSleep" />
<Test name="testUptimeMillis" />
<Test name="testAndroidTestCaseSetupProperly" />
</TestCase>
<TestCase name="EnvironmentTest">
<Test name="testEnvironment" />
<Test name="testNoTmpDir" />
</TestCase>
<TestCase name="BuildTest">
<Test name="testCpuAbi" />
<Test name="testBuildConstants" />
</TestCase>
<TestCase name="PowerManagerTest">
<Test name="testPowerManager" />
<Test name="testAndroidTestCaseSetupProperly" />
</TestCase>
<TestCase name="TokenWatcherTest">
<Test name="testTokenWatcher" />
<Test name="testCleanUp" />
<Test name="testAndroidTestCaseSetupProperly" />
</TestCase>
<TestCase name="NoExecutePermissionTest">
<Test name="testNoExecutePermission" />
</TestCase>
<TestCase name="CountDownTimerTest">
<Test name="testCountDownTimer" />
<Test name="testCountDownTimerCancel" />
</TestCase>
<TestCase name="HandlerTest">
<Test name="testConstructor" />
<Test name="testPostAtTime1" />
<Test name="testPostAtTime2" />
<Test name="testSendMessageAtTime" />
<Test name="testDump" />
<Test name="testHasMessagesWithInt" />
<Test name="testHasMessagesWithObject" />
<Test name="testRemoveCallbacksAndMessages" />
<Test name="testSendEmptyMessageAtTime" />
<Test name="testGetLooper" />
<Test name="testRemoveCallbacks" />
<Test name="testRemoveCallbacksWithObject" />
<Test name="testRemoveMessages" />
<Test name="testRemoveMessagesWithObject" />
<Test name="testSendMessage" />
<Test name="testObtainMessage" />
<Test name="testObtainMessageWithInt" />
<Test name="testObtainMessageWithIntObject" />
<Test name="testObtainMessageWithMutiInt" />
<Test name="testObtainMessageWithMutiIntObject" />
<Test name="testSendMessageAtFrontOfQueue" />
<Test name="testPostDelayed" />
<Test name="testPostAtFrontOfQueue" />
<Test name="testSendMessageDelayed" />
<Test name="testPost" />
<Test name="testSendEmptyMessageDelayed" />
<Test name="testDispatchMessage1" />
<Test name="testDispatchMessage2" />
<Test name="testSendEmptyMessage" />
<Test name="testToString" />
</TestCase>
<TestCase name="Debug_InstructionCountTest">
<Test name="testDebugInstructionCount" />
</TestCase>
<TestCase name="RemoteExceptionTest">
<Test name="testRemoteException" />
</TestCase>
<TestCase name="MessageQueueTest">
<Test name="testAddIdleHandler" />
<Test name="testRemoveIdleHandler" />
<Test name="testMessageOrder" />
<Test name="testAtFrontOfQueue" />
<Test name="testSyncBarriers" />
<Test name="testReleaseSyncBarrierThrowsIfTokenNotValid" />
<Test name="testAndroidTestCaseSetupProperly" />
</TestCase>
<TestCase name="ConditionVariableTest">
<Test name="testConstructor" />
<Test name="testConditionVariable" />
</TestCase>
<TestCase name="RemoteCallbackListTest">
<Test name="testRemoteCallbackList" />
<Test name="testKill" />
<Test name="testAndroidTestCaseSetupProperly" />
</TestCase>
<TestCase name="BinderTest">
<Test name="testTransact" />
<Test name="testSimpleMethods" />
<Test name="testFlushPendingCommands" />
<Test name="testJoinThreadPool" />
<Test name="testClearCallingIdentity" />
<Test name="testInterfaceRelatedMethods" />
<Test name="testAndroidTestCaseSetupProperly" />
</TestCase>
<TestCase name="PowerManager_WakeLockTest">
<Test name="testPowerManagerWakeLock" />
<Test name="testAndroidTestCaseSetupProperly" />
</TestCase>
<TestCase name="BuildVersionTest">
<Test name="testReleaseVersion" />
<Test name="testIncremental" />
<Test name="testBuildFingerprint" />
</TestCase>
<TestCase name="AsyncTaskTest">
<Test name="testAsyncTask" />
<Test name="testAsyncTaskWithTimeout" />
<Test name="testCancelWithInterrupt" />
<Test name="testCancel" />
<Test name="testCancelTooLate" />
</TestCase>
<TestCase name="StatFsTest">
<Test name="testStatFs" />
</TestCase>
<TestCase name="HandlerThreadTest">
<Test name="testConstructor" />
<Test name="testGetThreadId" />
</TestCase>
<TestCase name="ParcelTest">
<Test name="testObtain" />
<Test name="testAppendFrom" />
<Test name="testDataAvail" />
<Test name="testDataCapacity" />
<Test name="testSetDataCapacity" />
<Test name="testDataPosition" />
<Test name="testSetDataPosition" />
<Test name="testDataSize" />
<Test name="testSetDataSize" />
<Test name="testEnforceInterface" />
<Test name="testMarshall" />
<Test name="testReadValue" />
<Test name="testReadByte" />
<Test name="testReadByteArray" />
<Test name="testWriteByteArray" />
<Test name="testCreateByteArray" />
<Test name="testReadCharArray" />
<Test name="testCreateCharArray" />
<Test name="testReadInt" />
<Test name="testReadIntArray" />
<Test name="testCreateIntArray" />
<Test name="testReadLong" />
<Test name="testReadLongArray" />
<Test name="testCreateLongArray" />
<Test name="testReadFloat" />
<Test name="testReadFloatArray" />
<Test name="testCreateFloatArray" />
<Test name="testReadDouble" />
<Test name="testReadDoubleArray" />
<Test name="testCreateDoubleArray" />
<Test name="testReadBooleanArray" />
<Test name="testCreateBooleanArray" />
<Test name="testReadString" />
<Test name="testReadStringArray" />
<Test name="testCreateStringArray" />
<Test name="testReadStringList" />
<Test name="testCreateStringArrayList" />
<Test name="testReadSerializable" />
<Test name="testReadParcelable" />
<Test name="testReadParcelableArray" />
<Test name="testReadTypedArray" />
<Test name="testReadTypedArray2" />
<Test name="testCreateTypedArray" />
<Test name="testReadTypedList" />
<Test name="testCreateTypedArrayList" />
<Test name="testReadException" />
<Test name="testReadException2" />
<Test name="testWriteNoException" />
<Test name="testWriteFileDescriptor" />
<Test name="testHasFileDescriptor" />
<Test name="testReadBundle" />
<Test name="testReadBundle2" />
<Test name="testWriteArray" />
<Test name="testReadArrayList" />
<Test name="testWriteSparseArray" />
<Test name="testWriteSparseBooleanArray" />
<Test name="testWriteStrongBinder" />
<Test name="testWriteStrongInterface" />
<Test name="testWriteBinderArray" />
<Test name="testCreateBinderArray" />
<Test name="testWriteBinderList" />
<Test name="testCreateBinderArrayList" />
<Test name="testWriteMap" />
<Test name="testReadHashMap" />
<Test name="testReadList" />
<Test name="testAndroidTestCaseSetupProperly" />
</TestCase>
<TestCase name="MessageTest">
<Test name="testConstructor" />
<Test name="testAccessMessageProperties" />
<Test name="testObtain" />
<Test name="testObtain2" />
<Test name="testObtain3" />
<Test name="testObtain4" />
<Test name="testObtain5" />
<Test name="testObtain6" />
<Test name="testObtain7" />
<Test name="testObtain8" />
<Test name="testToString" />
<Test name="testPeekData" />
<Test name="testCopyFrom" />
<Test name="testRecycle" />
<Test name="testWriteToParcel" />
<Test name="testSendToTarget" />
<Test name="testAsynchronous" />
<Test name="testAndroidTestCaseSetupProperly" />
</TestCase>
<TestCase name="ParcelFileDescriptor_AutoCloseInputStreamTest">
<Test name="testAutoCloseInputStream" />
<Test name="testAndroidTestCaseSetupProperly" />
</TestCase>
<TestCase name="ParcelFileDescriptor_AutoCloseOutputStreamTest">
<Test name="testAutoCloseOutputStream" />
<Test name="testAndroidTestCaseSetupProperly" />
</TestCase>
</TestSuite>
<TestSuite name="storage">
<TestSuite name="cts">
<TestCase name="StorageManagerTest">
<Test name="testMountAndUnmountObbNormal" />
<Test name="testAttemptMountNonObb" />
<Test name="testAttemptMountObbWrongPackage" />
<Test name="testMountAndUnmountTwoObbs" />
<Test name="testAndroidTestCaseSetupProperly" />
</TestCase>
</TestSuite>
</TestSuite>
</TestSuite>
</TestSuite>
</TestPackage>
