<?xml version="1.0" encoding="UTF-8"?>
<TestPackage appNameSpace="com.android.cts.preference2" appPackageName="android.preference2" name="CtsPreference2TestCases" runner="android.test.InstrumentationCtsTestRunner" version="1.0">
<TestSuite name="android">
<TestSuite name="preference2">
<TestSuite name="cts">
<TestCase name="PreferenceWithHeadersTest">
<Test name="testHasHeaders" />
<Test name="testOnIsHidingHeaders" />
</TestCase>
<TestCase name="ListPreferenceTest">
<Test name="testGetEntries" />
<Test name="testGetEntryValues" />
<Test name="testIsEnabled" />
</TestCase>
<TestCase name="CustomEditTextPreferenceTest">
<Test name="testNotNull" />
</TestCase>
<TestCase name="CustomDialogPreferenceTest">
<Test name="testNotNull" />
</TestCase>
<TestCase name="SwitchPreferenceTest">
<Test name="testGetTitle" />
<Test name="testGetSummary" />
<Test name="testGetSummaryOn" />
<Test name="testSummaryOff" />
<Test name="testSetSwitchTextOff_One" />
<Test name="testSetSwitchTextOff_Two" />
<Test name="testSetSwitchTextOn_One" />
<Test name="testSetSwitchTextOn_Two" />
</TestCase>
<TestCase name="FragmentPreferencesTest">
<Test name="testGetPreferenceManager" />
<Test name="testGetPreferenceScreen" />
<Test name="testFindPreference" />
<Test name="testSetPreferenceScreen" />
</TestCase>
<TestCase name="CustomCheckBoxPreferenceTest">
<Test name="testNotNull" />
</TestCase>
<TestCase name="PreferenceTest">
<Test name="testNotNull" />
<Test name="testGetSummary" />
<Test name="testSetSummary" />
<Test name="testIsEnabled" />
<Test name="testSetEnabled" />
<Test name="testIsPersistent" />
<Test name="testIsSelectable" />
<Test name="testGetTitle" />
<Test name="testSetTitle" />
<Test name="testHasKey" />
<Test name="testGetKey" />
<Test name="testSetKey" />
<Test name="testGetPreferenceManager" />
<Test name="testGetSharedPreferences" />
<Test name="testSetTitle_CharSequence" />
<Test name="testGetContext" />
<Test name="testGetOrder" />
<Test name="testSetOrder" />
<Test name="testGetIcon" />
<Test name="testgetShouldDisableView" />
<Test name="testSetShouldDisableView" />
<Test name="testPersistInt" />
<Test name="testPersistBoolean" />
<Test name="testPersistString" />
<Test name="testPersistFloat" />
<Test name="testPersistLong" />
<Test name="testShouldCommit" />
<Test name="testShouldPersist" />
</TestCase>
<TestCase name="PreferenceCategoryTest">
<Test name="testPreferenceCategory" />
</TestCase>
<TestCase name="PreferenceFragmentTest">
<Test name="testGetPreferenceManager" />
<Test name="testGetPreferenceScreen" />
</TestCase>
<TestCase name="EditTextPreferenceTest">
<Test name="testGetEditText" />
</TestCase>
<TestCase name="DialogPreferenceTest">
<Test name="testGetTitle" />
<Test name="testGetDialogTitle" />
<Test name="testGetDialogIcon" />
<Test name="testGetDialogMessage" />
<Test name="testGetPositiveButtonText" />
<Test name="testGetNegativeButtonText" />
</TestCase>
<TestCase name="PreferenceGroupTest">
<Test name="testAddPreference" />
<Test name="testFindPreference" />
<Test name="testPreferenceCount" />
<Test name="testSetOrderingAsAdded" />
<Test name="testRemoveAll" />
<Test name="testRemovePreference" />
<Test name="testIsOnSameScreenAsChildren" />
<Test name="testOnPrepareAddPreference" />
</TestCase>
<TestCase name="CustomSwitchPreferenceTest">
<Test name="testNotNull" />
</TestCase>
<TestCase name="CheckBoxPreferenceTest">
<Test name="testNotNull" />
<Test name="testGetSummary" />
</TestCase>
</TestSuite>
</TestSuite>
</TestSuite>
</TestPackage>
