<?xml version="1.0" encoding="UTF-8"?>
<TestPackage appNameSpace="com.android.cts.permission" appPackageName="android.permission" name="CtsPermissionTestCases" runner="android.test.InstrumentationCtsTestRunner" version="1.0">
<TestSuite name="android">
<TestSuite name="permission">
<TestSuite name="cts">
<TestCase name="AccountManagerTest">
<Test name="testGetAccounts" />
<Test name="testGetAccountsByType" />
<Test name="testGetAccountsByTypeAndFeatures" />
<Test name="testAndroidTestCaseSetupProperly" />
</TestCase>
<TestCase name="NoReadLogsPermissionTest">
<Test name="testLogcat" />
<Test name="testLogFilePermissions" />
<Test name="testAndroidTestCaseSetupProperly" />
</TestCase>
<TestCase name="NoWakeLockPermissionTest">
<Test name="testWifiLockAcquire" />
<Test name="testMediaPlayerWakeLock" />
<Test name="testPowerManagerWakeLockAcquire" />
<Test name="testPowerManagerWakeLockAcquire2" />
<Test name="testPowerManagerWakeLockRelease" />
<Test name="testAndroidTestCaseSetupProperly" />
</TestCase>
<TestCase name="TelephonyManagerPermissionTest">
<Test name="testGetDeviceId" />
<Test name="testGetLine1Number" />
<Test name="testGetSimSerialNumber" />
<Test name="testGetSubscriberId" />
<Test name="testVoiceMailNumber" />
<Test name="testAndroidTestCaseSetupProperly" />
</TestCase>
<TestCase name="RebootPermissionTest">
<Test name="testBroadcastReboot" />
<Test name="testAndroidTestCaseSetupProperly" />
</TestCase>
<TestCase name="NoWifiStatePermissionTest">
<Test name="testGetWifiState" />
<Test name="testGetConfiguredNetworks" />
<Test name="testGetConnectionInfo" />
<Test name="testGetScanResults" />
<Test name="testGetDhcpInfo" />
<Test name="testDisconnect" />
<Test name="testReconnect" />
<Test name="testReassociate" />
<Test name="testAddNetwork" />
<Test name="testUpdateNetwork" />
<Test name="testRemoveNetwork" />
<Test name="testEnableNetwork" />
<Test name="testDisableNetwork" />
<Test name="testSaveConfiguration" />
<Test name="testPingSupplicant" />
<Test name="testStartScan" />
<Test name="testSetWifiEnabled" />
<Test name="testAndroidTestCaseSetupProperly" />
</TestCase>
<TestCase name="NoAudioPermissionTest">
<Test name="testSetMicrophoneMute" />
<Test name="testRouting" />
<Test name="testAndroidTestCaseSetupProperly" />
</TestCase>
<TestCase name="FileSystemPermissionTest">
<Test name="testCreateFileHasSanePermissions" />
<Test name="testCreateDirectoryHasSanePermissions" />
<Test name="testOtherApplicationDirectoriesAreNotWritable" />
<Test name="testApplicationParentDirectoryNotWritable" />
<Test name="testDataDirectoryNotWritable" />
<Test name="testAndroidRootDirectoryNotWritable" />
<Test name="testDownloadCacheDirectoryNotWritable" />
<Test name="testRootDirectoryNotWritable" />
<Test name="testDevDirectoryNotWritable" />
<Test name="testProcDirectoryNotWritable" />
<Test name="testDevMemSane" />
<Test name="testDevkmemSane" />
<Test name="testDevPortSane" />
<Test name="testPn544Sane" />
<Test name="testBcm2079xSane" />
<Test name="testBcm2079xi2cSane" />
<Test name="testTtyO3Sane" />
<Test name="testAllOtherDirectoriesNotWritable" />
<Test name="testOtherRandomDirectoriesNotWritable" />
<Test name="testReadingSysFilesDoesntFail" />
<Test name="testAllFilesInSysAreNotWritable" />
<Test name="testSystemMountedRO" />
<Test name="testSystemMountedRO_init" />
<Test name="testAllBlockDevicesAreSecure" />
<Test name="testAndroidTestCaseSetupProperly" />
</TestCase>
<TestCase name="ConnectivityManagerPermissionTest">
<Test name="testGetNetworkInfo" />
<Test name="testGetNetworkPreference" />
<Test name="testRequestRouteToHost" />
<Test name="testSetNetworkPreference" />
<Test name="testStartUsingNetworkPreference" />
<Test name="testAndroidTestCaseSetupProperly" />
</TestCase>
<TestCase name="AudioPermissionTest">
<Test name="testAndroidTestCaseSetupProperly" />
</TestCase>
<TestCase name="DevicePowerPermissionTest">
<Test name="testGoToSleep" />
<Test name="testAndroidTestCaseSetupProperly" />
</TestCase>
<TestCase name="NoSystemFunctionPermissionTest">
<Test name="testRestartPackage" />
<Test name="testSetTimeZone" />
<Test name="testSetWallpaper" />
<Test name="testVibrator" />
<Test name="testSendSms" />
<Test name="testAndroidTestCaseSetupProperly" />
</TestCase>
<TestCase name="AppWidgetManagerPermissionTest">
<Test name="testBindAppWidget" />
<Test name="testAndroidTestCaseSetupProperly" />
</TestCase>
<TestCase name="NoSdCardWritePermissionTest">
<Test name="testWriteExternalStorage" />
<Test name="testAndroidTestCaseSetupProperly" />
</TestCase>
<TestCase name="CameraPermissionTest">
<Test name="testCamera" />
<Test name="testAndroidTestCaseSetupProperly" />
</TestCase>
<TestCase name="NoLocationPermissionTest">
<Test name="testListenCellLocation" />
<Test name="testListenCellLocation2" />
<Test name="testRequestLocationUpdatesNetwork" />
<Test name="testRequestLocationUpdatesGps" />
<Test name="testAddProximityAlert" />
<Test name="testGetLastKnownLocationGps" />
<Test name="testGetLastKnownLocationNetwork" />
<Test name="testGetProviderGps" />
<Test name="testGetProviderNetwork" />
<Test name="testIsProviderEnabledGps" />
<Test name="testIsProviderEnabledNetwork" />
<Test name="testAddTestProvider" />
<Test name="testRemoveTestProvider" />
<Test name="testSetTestProviderLocation" />
<Test name="testClearTestProviderLocation" />
<Test name="testSetTestProviderEnabled" />
<Test name="testClearTestProviderEnabled" />
<Test name="testSetTestProviderStatus" />
<Test name="testClearTestProviderStatus" />
<Test name="testAndroidTestCaseSetupProperly" />
</TestCase>
<TestCase name="PackageManagerRequiringPermissionsTest">
<Test name="testSetApplicationEnabledSetting" />
<Test name="testAddPreferredActivity" />
<Test name="testClearPackagePreferredActivities" />
<Test name="testAndroidTestCaseSetupProperly" />
</TestCase>
<TestCase name="NoKeyPermissionTest">
<Test name="testDisableKeyguard" />
<Test name="testReenableKeyguard" />
<Test name="testExitKeyguardSecurely" />
<Test name="testAndroidTestCaseSetupProperly" />
</TestCase>
<TestCase name="NoActivityRelatedPermissionTest">
<Test name="testGetTask" />
</TestCase>
<TestCase name="NoBroadcastPackageRemovedPermissionTest">
<Test name="testSendOrRemoveStickyBroadcast" />
<Test name="testSendBroadcast" />
<Test name="testAndroidTestCaseSetupProperly" />
</TestCase>
<TestCase name="NoNetworkStatePermissionTest">
<Test name="testGetNetworkPreference" />
<Test name="testGetActiveNetworkInfo" />
<Test name="testGetNetworkInfo" />
<Test name="testGetAllNetworkInfo" />
<Test name="testSetNetworkPreference" />
<Test name="testStartUsingNetworkFeature" />
<Test name="testStopUsingNetworkFeature" />
<Test name="testRequestRouteToHost" />
<Test name="testSecurityExceptionFromDns" />
<Test name="testAndroidTestCaseSetupProperly" />
</TestCase>
<TestCase name="DebuggableTest">
<Test name="testNoDebuggable" />
<Test name="testAndroidTestCaseSetupProperly" />
</TestCase>
<TestCase name="ProviderPermissionTest">
<Test name="testReadContacts" />
<Test name="testWriteContacts" />
<Test name="testReadCallLog" />
<Test name="testWriteCallLog" />
<Test name="testWriteSettings" />
<Test name="testReadBookmarks" />
<Test name="testWriteBookmarks" />
<Test name="testReadBrowserHistory" />
<Test name="testWriteBrowserHistory" />
<Test name="testAndroidTestCaseSetupProperly" />
</TestCase>
<TestCase name="ContactsProviderTest">
<Test name="testQueryContacts" />
<Test name="testQueryProfile" />
<Test name="testAndroidTestCaseSetupProperly" />
</TestCase>
</TestSuite>
</TestSuite>
</TestSuite>
</TestPackage>
