<?xml version="1.0" encoding="UTF-8"?>
<TestPackage appNameSpace="com.android.cts.permission2" appPackageName="android.permission2" name="CtsPermission2TestCases" runner="android.test.InstrumentationCtsTestRunner" version="1.0">
<TestSuite name="android">
<TestSuite name="permission2">
<TestSuite name="cts">
<TestCase name="NoWriteSecureSettingsPermissionTest">
<Test name="testWriteSecureSettings" />
<Test name="testAndroidTestCaseSetupProperly" />
</TestCase>
<TestCase name="WriteSocialStreamPermissionTest">
<Test name="testWriteSocialStreamPermission_byContentDirectory" />
<Test name="testWriteSocialStreamPermission_byContentUri" />
<Test name="testAndroidTestCaseSetupProperly" />
</TestCase>
<TestCase name="NoReceiveSmsPermissionTest">
<Test name="testReceiveTextMessage" />
<Test name="testAndroidTestCaseSetupProperly" />
</TestCase>
<TestCase name="NoProcessOutgoingCallPermissionTest">
<Test name="testProcessOutgoingCall" />
<Test name="testAndroidTestCaseSetupProperly" />
</TestCase>
<TestCase name="ReadSocialStreamPermissionTest">
<Test name="testReadSocialStreamPermission_byRawContactId" />
<Test name="testReadSocialStreamPermission_byContactId" />
<Test name="testReadSocialStreamPermission_byLookUpKey" />
<Test name="testReadSocialStreamPermission_byStreamItemId" />
<Test name="testAndroidTestCaseSetupProperly" />
</TestCase>
<TestCase name="NoReceiveGsmSmsPermissionTest">
<Test name="testReceiveTextMessage" />
<Test name="testAndroidTestCaseSetupProperly" />
</TestCase>
<TestCase name="ProtectedBroadcastsTest">
<Test name="testSendProtectedBroadcasts" />
<Test name="testAndroidTestCaseSetupProperly" />
</TestCase>
</TestSuite>
</TestSuite>
</TestSuite>
</TestPackage>
