<?xml version="1.0" encoding="UTF-8"?>
<TestPackage appNameSpace="com.android.cts.provider" appPackageName="android.provider" name="CtsProviderTestCases" runner="android.test.InstrumentationCtsTestRunner" targetBinaryName="CtsTestStubs" targetNameSpace="com.android.cts.stub" version="1.0">
<TestSuite name="android">
<TestSuite name="provider">
<TestSuite name="cts">
<TestCase name="Contacts_OrganizationsTest">
<Test name="testGetDisplayLabel" />
<Test name="testAndroidTestCaseSetupProperly" />
</TestCase>
<TestCase name="Settings_NameValueTableTest">
<Test name="testPutString" />
<Test name="testGetUriFor" />
<Test name="testAndroidTestCaseSetupProperly" />
</TestCase>
<TestCase name="MediaStore_VideoTest">
<Test name="testQuery" />
</TestCase>
<TestCase name="MediaStore_Images_ThumbnailsTest">
<Test name="testQueryInternalThumbnails" />
<Test name="testQueryExternalMiniThumbnails" />
<Test name="testGetContentUri" />
<Test name="testStoreImagesMediaExternal" />
<Test name="testStoreImagesMediaInternal" />
</TestCase>
<TestCase name="ContactsContract_StreamItemsTest">
<Test name="testContentDirectoryUri" />
<Test name="testContentUri" />
<Test name="testAndroidTestCaseSetupProperly" />
</TestCase>
<TestCase name="MediaStore_Audio_Artists_AlbumsTest">
<Test name="testGetContentUri" />
<Test name="testStoreAudioArtistsAlbumsInternal" />
<Test name="testStoreAudioArtistsAlbumsExternal" />
</TestCase>
<TestCase name="ContactsContract_CommonDataKinds_EventTest">
<Test name="testGetTypeLabel" />
<Test name="testAndroidTestCaseSetupProperly" />
</TestCase>
<TestCase name="MediaStoreTest">
<Test name="testGetMediaScannerUri" />
<Test name="testGetVersion" />
</TestCase>
<TestCase name="ContactsContract_GroupMembershipTest">
<Test name="testAddGroupMembershipWithGroupRowId" />
<Test name="testAddGroupMembershipWithGroupSourceId" />
<Test name="testAddGroupMembershipWithUnknownGroupSourceId" />
</TestCase>
<TestCase name="MediaStore_Audio_ArtistsTest">
<Test name="testGetContentUri" />
<Test name="testStoreAudioArtistsInternal" />
<Test name="testStoreAudioArtistsExternal" />
</TestCase>
<TestCase name="MediaStore_Audio_GenresTest">
<Test name="testGetContentUri" />
<Test name="testStoreAudioGenresExternal" />
<Test name="testStoreAudioGenresInternal" />
<Test name="testGetContentUriForAudioId" />
</TestCase>
<TestCase name="SettingsTest">
<Test name="testSystemTable" />
<Test name="testBluetoothDevicesTable" />
<Test name="testSecureTable" />
<Test name="testAccessNonTable" />
<Test name="testAndroidTestCaseSetupProperly" />
</TestCase>
<TestCase name="Contacts_SettingsTest">
<Test name="testAccessSetting" />
</TestCase>
<TestCase name="Settings_SecureTest">
<Test name="testGetDefaultValues" />
<Test name="testGetPutInt" />
<Test name="testGetPutFloat" />
<Test name="testGetPutLong" />
<Test name="testGetPutString" />
<Test name="testGetUriFor" />
<Test name="testUnknownSourcesOffByDefault" />
<Test name="testAndroidTestCaseSetupProperly" />
</TestCase>
<TestCase name="UserDictionary_WordsTest">
<Test name="testAddWord_deprecated" />
<Test name="testAddWord" />
<Test name="testAndroidTestCaseSetupProperly" />
</TestCase>
<TestCase name="ContactsContract_CommonDataKinds_ImTest">
<Test name="testGetProtocolLabel" />
<Test name="testGetTypeLabel" />
<Test name="testAndroidTestCaseSetupProperly" />
</TestCase>
<TestCase name="MediaStore_Video_ThumbnailsTest">
<Test name="testGetContentUri" />
<Test name="testGetThumbnail" />
<Test name="testAndroidTestCaseSetupProperly" />
</TestCase>
<TestCase name="ContactsContract_StreamItemPhotosTest">
<Test name="testContentDirectoryUri" />
<Test name="testContentPhotoUri" />
<Test name="testAndroidTestCaseSetupProperly" />
</TestCase>
<TestCase name="Settings_SystemTest">
<Test name="testSystemSettings" />
<Test name="testGetDefaultValues" />
<Test name="testGetUriFor" />
<Test name="testAndroidTestCaseSetupProperly" />
</TestCase>
<TestCase name="ContactsContract_PhotoTest">
<Test name="testAddPhoto" />
<Test name="testAddEmptyPhoto" />
</TestCase>
<TestCase name="MediaStore_Images_MediaTest">
<Test name="testInsertImageWithImagePath" />
<Test name="testInsertImageWithBitmap" />
<Test name="testGetContentUri" />
<Test name="testStoreImagesMediaExternal" />
<Test name="testStoreImagesMediaInternal" />
</TestCase>
<TestCase name="VoicemailContractTest">
<Test name="testVoicemailsTable" />
<Test name="testStatusTable" />
<Test name="testVoicemailTablePermissions" />
<Test name="testStatusTablePermissions" />
</TestCase>
<TestCase name="Contacts_PeopleTest">
<Test name="testAddToGroup" />
<Test name="testMarkAsContacted" />
<Test name="testAccessPhotoData" />
</TestCase>
<TestCase name="Contacts_ContactMethodsTest">
<Test name="testAddPostalLocation" />
<Test name="testEncodeAndDecodeProtocol" />
<Test name="test" />
<Test name="testAndroidTestCaseSetupProperly" />
</TestCase>
<TestCase name="ContactsContract_CommonDataKinds_SipAddressTest">
<Test name="testGetTypeLabel" />
<Test name="testAndroidTestCaseSetupProperly" />
</TestCase>
<TestCase name="ContactsContract_CommonDataKinds_OrganizationTest">
<Test name="testGetTypeLabel" />
<Test name="testAndroidTestCaseSetupProperly" />
</TestCase>
<TestCase name="MediaStore_FilesTest">
<Test name="testGetContentUri" />
<Test name="testCaseSensitivity" />
<Test name="testAndroidTestCaseSetupProperly" />
</TestCase>
<TestCase name="ContactsContract_RawContactsTest">
<Test name="testGetLookupUriBySourceId" />
<Test name="testGetLookupUriByDisplayName" />
</TestCase>
<TestCase name="ContactsContract_CommonDataKinds_PhoneTest">
<Test name="testGetTypeLabel" />
<Test name="testAndroidTestCaseSetupProperly" />
</TestCase>
<TestCase name="CalendarTest">
<Test name="testCalendarCreationAndDeletion" />
<Test name="testDefaultProjections" />
<Test name="testEventsEntityQuery" />
<Test name="testCalendarEntityQuery" />
<Test name="testAttendees" />
<Test name="testReminders" />
<Test name="testColorWriteRequirements" />
<Test name="testCalendarColors" />
<Test name="testEventColors" expectation="failure" />
<Test name="testExtendedProperties" />
<Test name="testInstanceSearch" />
<Test name="testCalendarUpdateAsApp" />
<Test name="testSyncState" />
<Test name="testEventCreationAndDeletion" />
<Test name="testEventUpdateAsApp" />
<Test name="testBulkUpdate" />
<Test name="testSyncOnlyInsertEnforcement" />
<Test name="testRecurrence" />
<Test name="testConversionToRecurring" />
<Test name="testSingleRecurrenceExceptions" />
<Test name="testNonAdapterRecurrenceExceptions" />
<Test name="testOutOfOrderRecurrenceExceptions" />
<Test name="testForwardRecurrenceExceptions" />
<Test name="testFullRecurrenceUpdate" />
<Test name="testMultiRuleRecurrence" />
<Test name="testBadRequests" />
</TestCase>
<TestCase name="ContactsTest">
<Test name="testPeopleTable" />
<Test name="testGroupsTable" />
<Test name="testPhotosTable" />
<Test name="testPhonesTable" />
<Test name="testOrganizationsTable" />
<Test name="testCallsTable" />
<Test name="testContactMethodsTable" />
<Test name="testSettingsTable" />
<Test name="testExtensionsTable" />
<Test name="testGroupMembershipTable" />
</TestCase>
<TestCase name="ContactsContract_ContactsTest">
<Test name="testMarkAsContacted" />
<Test name="testContentUri" />
<Test name="testLookupUri" />
</TestCase>
<TestCase name="MediaStore_Audio_Playlists_MembersTest">
<Test name="testGetContentUri" />
<Test name="testStoreAudioPlaylistsMembersExternal" />
<Test name="testStoreAudioPlaylistsMembersInternal" />
</TestCase>
<TestCase name="SearchRecentSuggestionsTest">
<Test name="testConstructor" />
<Test name="testSearchRecentSuggestions" />
<Test name="testSuggestionsTable" />
<Test name="testAndroidTestCaseSetupProperly" />
</TestCase>
<TestCase name="MediaStore_Audio_AlbumsTest">
<Test name="testGetContentUri" />
<Test name="testStoreAudioAlbumsInternal" />
<Test name="testStoreAudioAlbumsExternal" />
<Test name="testAlbumArt" />
<Test name="testAndroidTestCaseSetupProperly" />
</TestCase>
<TestCase name="MediaStore_Audio_MediaTest">
<Test name="testGetContentUri" />
<Test name="testGetContentUriForPath" />
<Test name="testStoreAudioMediaInternal" />
<Test name="testStoreAudioMediaExternal" />
</TestCase>
<TestCase name="MediaStore_Audio_Genres_MembersTest">
<Test name="testGetContentUri" />
<Test name="testStoreAudioGenresMembersExternal" />
<Test name="testStoreAudioGenresMembersInternal" />
</TestCase>
<TestCase name="ContactsContract_CommonDataKinds_StructuredPostalTest">
<Test name="testGetTypeLabel" />
<Test name="testAndroidTestCaseSetupProperly" />
</TestCase>
<TestCase name="MediaStore_AudioTest">
<Test name="testKeyFor" />
</TestCase>
<TestCase name="ContactsContract_CommonDataKinds_RelationTest">
<Test name="testGetTypeLabel" />
<Test name="testAndroidTestCaseSetupProperly" />
</TestCase>
<TestCase name="MediaStore_Audio_PlaylistsTest">
<Test name="testGetContentUri" />
<Test name="testStoreAudioPlaylistsExternal" />
<Test name="testStoreAudioPlaylistsInternal" />
</TestCase>
<TestCase name="ContactsContract_StatusUpdatesTest">
<Test name="testInsertStatus" />
<Test name="testGetPresencePrecedence" />
<Test name="testGetPresenceIconresourceId" />
<Test name="testAndroidTestCaseSetupProperly" />
</TestCase>
<TestCase name="MediaStore_Video_MediaTest">
<Test name="testGetContentUri" />
<Test name="testStoreVideoMediaExternal" />
<Test name="testStoreVideoMediaInternal" />
<Test name="testAndroidTestCaseSetupProperly" />
</TestCase>
<TestCase name="ContactsContract_DataTest">
<Test name="testGetLookupUriBySourceId" />
<Test name="testGetLookupUriByDisplayName" />
</TestCase>
<TestCase name="BrowserTest">
<Test name="testAccessSearches" />
<Test name="testGetAllBookmarks" />
<Test name="testGetAllVisitedUrls" />
<Test name="testUpdateVisitedHistory" />
<Test name="testAccessHistory" />
<Test name="testRequestAllIcons" />
<Test name="testSaveBookmark" />
<Test name="testSendString" />
<Test name="testBookmarksTable" />
<Test name="testSearchesTable" />
</TestCase>
<TestCase name="Settings_SettingNotFoundExceptionTest">
<Test name="testConstructor" />
<Test name="testAndroidTestCaseSetupProperly" />
</TestCase>
<TestCase name="Contacts_PhonesTest">
<Test name="testGetDisplayLabel" />
<Test name="testGetDisplayLabelCharSequenceArray" />
<Test name="testAndroidTestCaseSetupProperly" />
</TestCase>
<TestCase name="ContactsContract_CommonDataKinds_EmailTest">
<Test name="testGetTypeLabel" />
<Test name="testAndroidTestCaseSetupProperly" />
</TestCase>
</TestSuite>
</TestSuite>
</TestSuite>
</TestPackage>
