<?xml version="1.0" encoding="UTF-8"?>
<TestPackage appNameSpace="com.android.cts.renderscript" appPackageName="android.renderscript" name="CtsRenderscriptTestCases" runner="android.test.InstrumentationCtsTestRunner" targetBinaryName="CtsTestStubs" targetNameSpace="com.android.cts.stub" version="1.0">
<TestSuite name="android">
<TestSuite name="renderscript">
<TestSuite name="cts">
<TestCase name="FieldPackerTest">
<Test name="testAddAllTypes" />
<Test name="testAlignResetSkip" />
<Test name="testAndroidTestCaseSetupProperly" />
</TestCase>
<TestCase name="MeshTest">
<Test name="testMeshAllocationBuilder" />
<Test name="testMeshBuilder" />
<Test name="testMeshTriangleMeshBuilder" />
<Test name="testMeshPrimitive" />
<Test name="testAndroidTestCaseSetupProperly" />
</TestCase>
<TestCase name="Matrix3fTest">
<Test name="testCreation" />
<Test name="testGet" />
<Test name="testSet" />
<Test name="testLoadIdentity" />
<Test name="testLoad" />
<Test name="testLoadScale" />
<Test name="testLoadTranslate" />
<Test name="testScale" />
<Test name="testMultiply" />
<Test name="testTranspose" />
<Test name="testAndroidTestCaseSetupProperly" />
</TestCase>
<TestCase name="RSSurfaceViewTest">
<Test name="testCreation" />
<Test name="testCreateRenderScriptGL" />
<Test name="testGetSetRenderScriptGL" />
<Test name="testDestroyRenderScriptGL" />
<Test name="testPauseResume" />
<Test name="testAndroidTestCaseSetupProperly" />
</TestCase>
<TestCase name="AllocationTest">
<Test name="testCreateTyped" />
<Test name="testCreateSized" />
<Test name="testCreateFromBitmap" />
<Test name="testAllocationMipmapControl" />
<Test name="testCubemapFaces" />
<Test name="test1DCopyOperations" />
<Test name="test2DCopyOperations" />
<Test name="testAndroidTestCaseSetupProperly" />
</TestCase>
<TestCase name="FileA3DTest">
<Test name="testCreateFromResource" />
<Test name="testCreateFromAsset" />
<Test name="testGetIndexEntryCount" />
<Test name="testGetIndexEntry" />
<Test name="testIndexEntryGetEntryType" />
<Test name="testIndexEntryGetMesh" />
<Test name="testIndexEntryGetName" />
<Test name="testIndexEntryGetObject" />
<Test name="testFileA3DEntryType" />
<Test name="testCreateFromFile" />
<Test name="testAndroidTestCaseSetupProperly" />
</TestCase>
<TestCase name="ProgramVertexFixedFunctionTest">
<Test name="testConstants" />
<Test name="testProgramVertexFixedFunctionBuilder" />
<Test name="testAndroidTestCaseSetupProperly" />
</TestCase>
<TestCase name="TypeTest">
<Test name="testTypeBuilder" />
<Test name="testGetCount" />
<Test name="testGetElement" />
<Test name="testGetX" />
<Test name="testGetY" />
<Test name="testGetZ" />
<Test name="testHasFaces" />
<Test name="testGetMipmaps" />
<Test name="testTypeCubemapFace" />
<Test name="testEquals" />
<Test name="testAndroidTestCaseSetupProperly" />
</TestCase>
<TestCase name="Matrix4fTest">
<Test name="testCreation" />
<Test name="testGet" />
<Test name="testSet" />
<Test name="testLoadIdentity" />
<Test name="testLoad" />
<Test name="testLoadScale" />
<Test name="testLoadTranslate" />
<Test name="testScale" />
<Test name="testTranspose" />
<Test name="testMultiply" />
<Test name="testInverse" />
<Test name="testAndroidTestCaseSetupProperly" />
</TestCase>
<TestCase name="ScriptCTest">
<Test name="testScriptC" />
<Test name="testAndroidTestCaseSetupProperly" />
</TestCase>
<TestCase name="StructArrayTest">
<Test name="testStructArrays" />
<Test name="testAndroidTestCaseSetupProperly" />
</TestCase>
<TestCase name="ElementTest">
<Test name="testCreatePixel" />
<Test name="testCreateVector" />
<Test name="testPrebuiltElements" />
<Test name="testEquals" />
<Test name="testIsCompatible" />
<Test name="testElementBuilder" />
<Test name="testIsComplex" />
<Test name="testDataType" />
<Test name="testDataKind" />
<Test name="testAndroidTestCaseSetupProperly" />
</TestCase>
<TestCase name="StructPadTest">
<Test name="testStructPadding" />
<Test name="testAndroidTestCaseSetupProperly" />
</TestCase>
<TestCase name="ScriptTest">
<Test name="testScript" />
<Test name="testAndroidTestCaseSetupProperly" />
</TestCase>
<TestCase name="ProgramFragmentFixedFunctionTest">
<Test name="testProgramFragmentFixedFunctionBuilder" />
<Test name="testBuilderEnvMode" />
<Test name="testBuilderFormat" />
<Test name="testAndroidTestCaseSetupProperly" />
</TestCase>
<TestCase name="ContextCreationTest">
<Test name="testCreationWithDelay" />
<Test name="testCreationWithoutDelay" />
<Test name="testMultiviewCreationWithoutDelay" />
</TestCase>
<TestCase name="ExceptionTest">
<Test name="testExceptions" />
<Test name="testAndroidTestCaseSetupProperly" />
</TestCase>
<TestCase name="CompilerTest">
<Test name="testMissingLink" />
<Test name="testAndroidTestCaseSetupProperly" />
</TestCase>
<TestCase name="ProgramStoreTest">
<Test name="testProgramStoreBuilder" />
<Test name="testPrebuiltProgramStore" />
<Test name="testProgramStoreBlendDstFunc" />
<Test name="testProgramStoreBlendSrcFunc" />
<Test name="testProgramStoreDepthFunc" />
<Test name="testAndroidTestCaseSetupProperly" />
</TestCase>
<TestCase name="SurfaceConfigTest">
<Test name="testSimpleCreate" />
<Test name="testSetColor" />
<Test name="testSetAlpha" />
<Test name="testSetDepth" />
<Test name="testSetSamples" />
<Test name="testCopyConstructor" />
<Test name="testAndroidTestCaseSetupProperly" />
</TestCase>
<TestCase name="ComputeTest">
<Test name="testJavaVectorTypes" />
<Test name="testPrimitives" />
<Test name="testArrayInit" />
<Test name="testVector" />
<Test name="testStructObject" />
<Test name="testClamp" />
<Test name="testClampRelaxed" />
<Test name="testUtilityFunctions" />
<Test name="testForEach" />
<Test name="testAndroidTestCaseSetupProperly" />
</TestCase>
<TestCase name="ProgramVertexTest">
<Test name="testProgramVertexBuilder" />
<Test name="testProgramVertexCreation" />
<Test name="testAndroidTestCaseSetupProperly" />
</TestCase>
<TestCase name="RenderScriptTest">
<Test name="testRenderScript" />
<Test name="testAPI" />
<Test name="testPriority" />
<Test name="testRSMessageHandler" />
<Test name="testRSErrorHandler" />
<Test name="testAndroidTestCaseSetupProperly" />
</TestCase>
<TestCase name="SampleTest">
<Test name="testNearest" />
<Test name="testAndroidTestCaseSetupProperly" />
</TestCase>
<TestCase name="ProgramFragmentTest">
<Test name="testProgramFragmentBuilder" />
<Test name="testProgramFragmentCreation" />
<Test name="testProgramTextureType" />
<Test name="testAndroidTestCaseSetupProperly" />
</TestCase>
<TestCase name="BaseObjTest">
<Test name="testBaseObj" />
<Test name="testAndroidTestCaseSetupProperly" />
</TestCase>
<TestCase name="SamplerTest">
<Test name="testSamplerBuilder" />
<Test name="testPrebuiltSamplers" />
<Test name="testSamplerValue" />
<Test name="testAndroidTestCaseSetupProperly" />
</TestCase>
<TestCase name="ForEachTest">
<Test name="testForEach" />
<Test name="testMultipleForEach" />
<Test name="testNoRoot" />
<Test name="testAndroidTestCaseSetupProperly" />
</TestCase>
<TestCase name="FontTest">
<Test name="testCreate" />
<Test name="testCreateFromFile" />
<Test name="testCreateFromAsset" />
<Test name="testFontStyle" />
<Test name="testCreateFromResource" />
<Test name="testAndroidTestCaseSetupProperly" />
</TestCase>
<TestCase name="VersionTest">
<Test name="testVersion11" />
<Test name="testVersion12" />
<Test name="testVersion13" />
<Test name="testVersion14" />
<Test name="testVersion15" />
<Test name="testVersion16" />
<Test name="testAndroidTestCaseSetupProperly" />
</TestCase>
<TestCase name="ProgramRasterTest">
<Test name="testProgramRasterBuilder" />
<Test name="testPrebuiltProgramRaster" />
<Test name="testProgramRasterCullMode" />
<Test name="testAndroidTestCaseSetupProperly" />
</TestCase>
<TestCase name="Matrix2fTest">
<Test name="testCreation" />
<Test name="testGet" />
<Test name="testSet" />
<Test name="testLoadIdentity" />
<Test name="testLoad" />
<Test name="testLoadScale" />
<Test name="testMultiply" />
<Test name="testScale" />
<Test name="testTranspose" />
<Test name="testRotateLoadRotate" />
<Test name="testAndroidTestCaseSetupProperly" />
</TestCase>
</TestSuite>
</TestSuite>
</TestSuite>
</TestPackage>
