<?xml version="1.0" encoding="UTF-8"?>
<TestPackage appNameSpace="com.android.cts.security" appPackageName="android.security" name="CtsSecurityTestCases" runner="android.test.InstrumentationCtsTestRunner" targetBinaryName="CtsTestStubs" targetNameSpace="com.android.cts.stub" version="1.0">
<TestSuite name="android">
<TestSuite name="security">
<TestSuite name="cts">
<TestCase name="SqliteJournalLeakTest">
<Test name="testJournal" />
<Test name="testWal" />
<Test name="testShm" />
<Test name="testAndroidTestCaseSetupProperly" />
</TestCase>
<TestCase name="KernelSettingsTest">
<Test name="testMmapMinAddr" />
<Test name="testKptrRestrict" />
<Test name="testDmesgRestrict" />
<Test name="testSetuidDumpable" />
</TestCase>
<TestCase name="PackageSignatureTest">
<Test name="testPackageSignatures" />
<Test name="testAndroidTestCaseSetupProperly" />
</TestCase>
<TestCase name="ListeningPortsTest">
<Test name="testNoRemotelyAccessibleListeningTcpPorts" />
<Test name="testNoRemotelyAccessibleListeningTcp6Ports" />
<Test name="testNoRemotelyAccessibleListeningUdpPorts" />
<Test name="testNoRemotelyAccessibleListeningUdp6Ports" />
<Test name="testNoListeningLoopbackTcpPorts" />
<Test name="testNoListeningLoopbackTcp6Ports" />
<Test name="testNoListeningLoopbackUdpPorts" />
<Test name="testNoListeningLoopbackUdp6Ports" />
</TestCase>
<TestCase name="CharDeviceTest">
<Test name="testExynosRootingVuln" />
<Test name="testExynosKernelMemoryRead" />
</TestCase>
<TestCase name="VoldExploitTest">
<Test name="testTryCommandInjection" />
<Test name="testZergRushCrash" />
<Test name="testTryToCrashVold" />
<Test name="testAndroidTestCaseSetupProperly" />
</TestCase>
<TestCase name="CertificateTest">
<Test name="testCertificates" />
<Test name="testBlockCertificates" />
<Test name="testAndroidTestCaseSetupProperly" />
</TestCase>
<TestCase name="BannedFilesTest">
<Test name="testNoSyncAgent" />
<Test name="testNoSetuidIp" />
<Test name="testNoSetuidTcpdump" />
</TestCase>
<TestCase name="AslrTest">
<Test name="testOneExecutableIsPie" />
<Test name="testVaRandomize" />
</TestCase>
<TestCase name="BrowserTest">
<Test name="testTabReuse" />
<Test name="testTabExhaustion" />
<Test name="testBrowserPrivateDataAccess" />
<Test name="testAndroidTestCaseSetupProperly" />
</TestCase>
</TestSuite>
</TestSuite>
</TestSuite>
</TestPackage>
