<?xml version="1.0" encoding="UTF-8"?>
<TestPackage appNameSpace="com.android.cts.telephony" appPackageName="android.telephony" name="CtsTelephonyTestCases" runner="android.test.InstrumentationCtsTestRunner" targetBinaryName="CtsTestStubs" targetNameSpace="com.android.cts.stub" version="1.0">
<TestSuite name="android">
<TestSuite name="telephony">
<TestSuite name="gsm">
<TestSuite name="cts">
<TestCase name="SmsMessage_MessageClassTest">
<Test name="testMessageClass" />
</TestCase>
<TestCase name="SmsMessage_SubmitPduTest">
<Test name="testToString" />
<Test name="testAndroidTestCaseSetupProperly" />
</TestCase>
<TestCase name="SmsManagerTest">
<Test name="testGetDefault" />
<Test name="testDivideMessage" />
<Test name="testSendMessages" />
<Test name="testGetDefault" />
<Test name="testAndroidTestCaseSetupProperly" />
</TestCase>
<TestCase name="GsmCellLocationTest">
<Test name="testGsmCellLocation" />
<Test name="testAndroidTestCaseSetupProperly" />
</TestCase>
</TestSuite>
</TestSuite>
<TestSuite name="cts">
<TestCase name="SmsMessage_MessageClassTest">
<Test name="testMessageClass" />
</TestCase>
<TestCase name="SmsMessage_SubmitPduTest">
<Test name="testToString" />
<Test name="testAndroidTestCaseSetupProperly" />
</TestCase>
<TestCase name="SmsManagerTest">
<Test name="testDivideMessage" />
<Test name="testSendMessages" />
<Test name="testGetDefault" />
<Test name="testAndroidTestCaseSetupProperly" />
</TestCase>
<TestCase name="NeighboringCellInfoTest">
<Test name="testNeighboringCellInfo" />
<Test name="testAndroidTestCaseSetupProperly" />
</TestCase>
<TestCase name="CellLocationTest">
<Test name="testCellLocation" />
<Test name="testAndroidTestCaseSetupProperly" />
</TestCase>
<TestCase name="PhoneNumberUtilsTest">
<Test name="testExtractMethods" />
<Test name="testCallMethods" />
<Test name="testGetMethods" />
<Test name="testFormatMethods" />
<Test name="testJudgeMethods" />
<Test name="testAndroidTestCaseSetupProperly" />
</TestCase>
<TestCase name="PhoneStateListenerTest">
<Test name="testPhoneStateListener" />
<Test name="testOnServiceStateChanged" />
<Test name="testOnSignalStrengthChanged" />
<Test name="testOnMessageWaitingIndicatorChanged" />
<Test name="testOnCallForwardingIndicatorChanged" />
<Test name="testOnCellLocationChanged" />
<Test name="testOnCallStateChanged" />
<Test name="testOnDataConnectionStateChanged" />
<Test name="testOnDataActivity" />
<Test name="testAndroidTestCaseSetupProperly" />
</TestCase>
<TestCase name="TelephonyManagerTest">
<Test name="testListen" />
<Test name="testTelephonyManager" />
<Test name="testGetDeviceId" />
<Test name="testGetNetworkCountryIso" />
<Test name="testGetSimCountryIso" />
<Test name="testAndroidTestCaseSetupProperly" />
</TestCase>
<TestCase name="ServiceStateTest">
<Test name="testServiceState" />
<Test name="testAndroidTestCaseSetupProperly" />
</TestCase>
<TestCase name="SmsMessageTest">
<Test name="testCreateFromPdu" />
<Test name="testCPHSVoiceMail" />
<Test name="testGetUserData" />
<Test name="testGetSubmitPdu" />
<Test name="testEmailGateway" />
<Test name="testAndroidTestCaseSetupProperly" />
</TestCase>
</TestSuite>
</TestSuite>
</TestSuite>
</TestPackage>
