<?xml version="1.0" encoding="UTF-8"?>
<TestPackage appNameSpace="com.android.cts.text" appPackageName="android.text" name="CtsTextTestCases" runner="android.test.InstrumentationCtsTestRunner" targetBinaryName="CtsTestStubs" targetNameSpace="com.android.cts.stub" version="1.0">
<TestSuite name="android">
<TestSuite name="text">
<TestSuite name="style">
<TestSuite name="cts">
<TestCase name="StrikethroughSpanTest">
<Test name="testConstructor" />
<Test name="testUpdateDrawState" />
<Test name="testDescribeContents" />
<Test name="testGetSpanTypeId" />
<Test name="testWriteToParcel" />
</TestCase>
<TestCase name="ReplacementSpanTest">
<Test name="testUpdateMeasureState" />
<Test name="testUpdateDrawState" />
</TestCase>
<TestCase name="TextAppearanceSpanTest">
<Test name="testConstructor" />
<Test name="testGetFamily" />
<Test name="testUpdateMeasureState" />
<Test name="testGetTextColor" />
<Test name="testGetTextSize" />
<Test name="testGetTextStyle" />
<Test name="testGetLinkTextColor" />
<Test name="testUpdateDrawState" />
<Test name="testDescribeContents" />
<Test name="testGetSpanTypeId" />
<Test name="testWriteToParcel" />
<Test name="testAndroidTestCaseSetupProperly" />
</TestCase>
<TestCase name="BulletSpanTest">
<Test name="testConstructor" />
<Test name="testGetLeadingMargin" />
<Test name="testDrawLeadingMargin" />
<Test name="testDrawLeadingMarginFailure" />
<Test name="testDescribeContents" />
<Test name="testGetSpanTypeId" />
<Test name="testWriteToParcel" />
</TestCase>
<TestCase name="TabStopSpan_StandardTest">
<Test name="testConstructor" />
<Test name="testGetTabStop" />
</TestCase>
<TestCase name="URLSpanTest">
<Test name="testConstructor" />
<Test name="testGetURL" />
<Test name="testOnClick" />
<Test name="testOnClickFailure" />
<Test name="testDescribeContents" />
<Test name="testGetSpanTypeId" />
<Test name="testWriteToParcel" />
</TestCase>
<TestCase name="ScaleXSpanTest">
<Test name="testConstructor" />
<Test name="testUpdateDrawState" />
<Test name="testUpdateMeasureState" />
<Test name="testGetScaleX" />
<Test name="testDescribeContents" />
<Test name="testGetSpanTypeId" />
<Test name="testWriteToParcel" />
</TestCase>
<TestCase name="RasterizerSpanTest">
<Test name="testConstructor" />
<Test name="testGetRasterizer" />
<Test name="testUpdateDrawState" />
</TestCase>
<TestCase name="IconMarginSpanTest">
<Test name="testConstructor" />
<Test name="testGetLeadingMargin" />
<Test name="testDrawLeadingMargin" />
<Test name="testChooseHeight" />
<Test name="testAndroidTestCaseSetupProperly" />
</TestCase>
<TestCase name="TypefaceSpanTest">
<Test name="testConstructor" />
<Test name="testGetFamily" />
<Test name="testUpdateMeasureState" />
<Test name="testUpdateDrawState" />
<Test name="testDescribeContents" />
<Test name="testGetSpanTypeId" />
<Test name="testWriteToParcel" />
</TestCase>
<TestCase name="AbsoluteSizeSpanTest">
<Test name="testConstructor" />
<Test name="testGetSize" />
<Test name="testUpdateMeasureState" />
<Test name="testUpdateDrawState" />
<Test name="testDescribeContents" />
<Test name="testGetSpanTypeId" />
<Test name="testWriteToParcel" />
</TestCase>
<TestCase name="ForegroundColorSpanTest">
<Test name="testConstructor" />
<Test name="testGetForegroundColor" />
<Test name="testUpdateDrawState" />
<Test name="testDescribeContents" />
<Test name="testGetSpanTypeId" />
<Test name="testWriteToParcel" />
</TestCase>
<TestCase name="LeadingMarginSpan_StandardTest">
<Test name="testConstructor" />
<Test name="testGetLeadingMargin" />
<Test name="testDrawLeadingMargin" />
<Test name="testDescribeContents" />
<Test name="testGetSpanTypeId" />
<Test name="testWriteToParcel" />
</TestCase>
<TestCase name="CharacterStyleTest">
<Test name="testWrap" />
<Test name="testGetUnderlying" />
</TestCase>
<TestCase name="ClickableSpanTest">
<Test name="testUpdateDrawState" />
</TestCase>
<TestCase name="BackgroundColorSpanTest">
<Test name="testConstructor" />
<Test name="testUpdateDrawState" />
<Test name="testGetBackgroundColor" />
<Test name="testDescribeContents" />
<Test name="testGetSpanTypeId" />
<Test name="testWriteToParcel" />
</TestCase>
<TestCase name="AlignmentSpan_StandardTest">
<Test name="testConstructor" />
<Test name="testGetAlignment" />
<Test name="testDescribeContents" />
<Test name="testGetSpanTypeId" />
<Test name="testWriteToParcel" />
</TestCase>
<TestCase name="DrawableMarginSpanTest">
<Test name="testConstructor" />
<Test name="testGetLeadingMargin" />
<Test name="testDrawLeadingMargin" />
<Test name="testChooseHeight" />
<Test name="testAndroidTestCaseSetupProperly" />
</TestCase>
<TestCase name="QuoteSpanTest">
<Test name="testConstructor" />
<Test name="testGetLeadingMargin" />
<Test name="testGetColor" />
<Test name="testDrawLeadingMargin" />
<Test name="testDescribeContents" />
<Test name="testGetSpanTypeId" />
<Test name="testWriteToParcel" />
</TestCase>
<TestCase name="SubscriptSpanTest">
<Test name="testConstructor" />
<Test name="testUpdateMeasureState" />
<Test name="testUpdateDrawState" />
<Test name="testDescribeContents" />
<Test name="testGetSpanTypeId" />
<Test name="testWriteToParcel" />
</TestCase>
<TestCase name="RelativeSizeSpanTest">
<Test name="testConstructor" />
<Test name="testGetSizeChange" />
<Test name="testUpdateMeasureState" />
<Test name="testUpdateDrawState" />
<Test name="testDescribeContents" />
<Test name="testGetSpanTypeId" />
<Test name="testWriteToParcel" />
</TestCase>
<TestCase name="UnderlineSpanTest">
<Test name="testConstructor" />
<Test name="testUpdateDrawState" />
<Test name="testDescribeContents" />
<Test name="testGetSpanTypeId" />
<Test name="testWriteToParcel" />
</TestCase>
<TestCase name="ImageSpanTest">
<Test name="testConstructor" />
<Test name="testGetSource" />
<Test name="testGetDrawable" />
<Test name="testAndroidTestCaseSetupProperly" />
</TestCase>
<TestCase name="MetricAffectingSpanTest">
<Test name="testGetUnderlying" />
</TestCase>
<TestCase name="StyleSpanTest">
<Test name="testConstructor" />
<Test name="testGetStyle" />
<Test name="testUpdateMeasureState" />
<Test name="testUpdateDrawState" />
<Test name="testDescribeContents" />
<Test name="testGetSpanTypeId" />
<Test name="testWriteToParcel" />
</TestCase>
<TestCase name="DynamicDrawableSpanTest">
<Test name="testConstructor" />
<Test name="testGetSize" />
<Test name="testDraw" />
<Test name="testAndroidTestCaseSetupProperly" />
</TestCase>
<TestCase name="MaskFilterSpanTest">
<Test name="testConstructor" />
<Test name="testUpdateDrawState" />
<Test name="testGetMaskFilter" />
</TestCase>
<TestCase name="SuperscriptSpanTest">
<Test name="testConstructor" />
<Test name="testUpdateMeasureState" />
<Test name="testUpdateDrawState" />
<Test name="testDescribeContents" />
<Test name="testGetSpanTypeId" />
<Test name="testWriteToParcel" />
</TestCase>
</TestSuite>
</TestSuite>
<TestSuite name="method">
<TestSuite name="cts">
<TestCase name="WordIteratorTest">
<Test name="testEmptyString" />
<Test name="testOneWord" />
<Test name="testSpacesOnly" />
<Test name="testBeginningEnd" />
<Test name="testSurrogate" />
</TestCase>
<TestCase name="ArrowKeyMovementMethodTest">
<Test name="testConstructor" />
<Test name="testCanSelectArbitrarily" />
<Test name="testGetInstance" />
<Test name="testOnTakeFocus" />
<Test name="testOnTakeFoucusWithNullLayout" />
<Test name="testOnTakeFocusWithNullParameters" />
<Test name="testOnKeyDownWithKeyCodeUp" />
<Test name="testOnKeyDownWithKeyCodeDown" />
<Test name="testOnKeyDownWithKeyCodeLeft" />
<Test name="testOnKeyDownWithKeyCodeRight" />
<Test name="testOnKeyDownWithNullLayout" />
<Test name="testOnKeyOther" />
<Test name="testOnKeyDownWithOtherKeyCode" />
<Test name="testOnTouchEvent" />
<Test name="testOnTouchEventWithNullLayout" />
<Test name="testOnTouchEventWithoutFocus" />
<Test name="testOnTouchEventWithNullParameters" />
<Test name="testInitialize" />
<Test name="testOnTrackballEven" />
<Test name="testOnKeyUp" />
<Test name="testFollowingWordStartToEnd" />
<Test name="testPrecedingWordEndToStart" />
<Test name="testFollowingWordStartToEndWithNumbers" />
<Test name="testFollowingWordEndToStartWithNumbers" />
<Test name="testFollowingWordStartToEndWithOneCharFinalWord" />
<Test name="testFollowingWordEndToStartWithOneCharFinalWord" />
<Test name="testMovementFromMiddleOfWord" />
</TestCase>
<TestCase name="TimeKeyListenerTest">
<Test name="testConstructor" />
<Test name="testGetInstance" />
<Test name="testGetAcceptedChars" />
<Test name="testGetInputType" />
<Test name="testTimeKeyListener" />
</TestCase>
<TestCase name="DialerKeyListenerTest">
<Test name="testConstructor" />
<Test name="testLookup" />
<Test name="testGetInstance" />
<Test name="testGetAcceptedChars" />
<Test name="testGetInputType" />
</TestCase>
<TestCase name="TouchTest">
<Test name="testScrollTo" />
<Test name="testOnTouchEvent" />
</TestCase>
<TestCase name="LinkMovementMethodTest">
<Test name="testConstructor" />
<Test name="testGetInstance" />
<Test name="testOnTakeFocus" />
<Test name="testOnKeyDown" />
<Test name="testOnKeyUp" />
<Test name="testOnTouchEvent" />
<Test name="testUp" />
<Test name="testDown" />
<Test name="testLeft" />
<Test name="testRight" />
<Test name="testMoveAroundUnclickable" />
<Test name="testInitialize" />
</TestCase>
<TestCase name="MultiTapKeyListenerTest">
<Test name="testConstructor" />
<Test name="testOnSpanAdded" />
<Test name="testOnSpanChanged" />
<Test name="testOnKeyDown_capitalizeNone" />
<Test name="testOnKeyDown_capitalizeCharacters" />
<Test name="testOnKeyDown_capitalizeSentences" />
<Test name="testOnKeyDown_capitalizeWords" />
<Test name="testGetInstance" />
<Test name="testOnSpanRemoved" />
<Test name="testGetInputType" />
</TestCase>
<TestCase name="PasswordTransformationMethodTest">
<Test name="testConstructor" />
<Test name="testTextChangedCallBacks" />
<Test name="testGetTransformation" />
<Test name="testGetInstance" />
<Test name="testOnFocusChanged" />
</TestCase>
<TestCase name="ScrollingMovementMethodTest">
<Test name="testConstructor" />
<Test name="testGetInstance" />
<Test name="testOnTouchEventHorizontalMotion" />
<Test name="testOnTouchEventVerticalMotion" />
<Test name="testOnTouchEventExceptional" />
<Test name="testCanSelectArbitrarily" />
<Test name="testOnKeyDownVerticalMovement" />
<Test name="testOnKeyDownHorizontalMovement" />
<Test name="testOnKeyDownExceptions" />
<Test name="testVerticalMovement" />
<Test name="testMovementWithNullLayout" />
<Test name="testInitialize" />
<Test name="testOnTrackballEvent" />
<Test name="testOnKeyUp" />
<Test name="testOnTakeFocus" />
<Test name="testHorizontalMovement" />
<Test name="testOnKeyOther" />
</TestCase>
<TestCase name="CharacterPickerDialogTest">
<Test name="testConstructor" />
<Test name="testOnCreate" />
<Test name="testOnItemClick" />
<Test name="testOnClick" />
</TestCase>
<TestCase name="NumberKeyListenerTest">
<Test name="testFilter" />
<Test name="testLookup" />
<Test name="testOk" />
<Test name="testPressKey" />
</TestCase>
<TestCase name="QwertyKeyListenerTest">
<Test name="testConstructor" />
<Test name="testOnKeyDown_capitalizeNone" />
<Test name="testOnKeyDown_capitalizeCharacters" />
<Test name="testOnKeyDown_capitalizeSentences" />
<Test name="testOnKeyDown_capitalizeWords" />
<Test name="testGetInstance" />
<Test name="testMarkAsReplaced" />
<Test name="testGetInputType" />
</TestCase>
<TestCase name="SingleLineTransformationMethodTest">
<Test name="testConstructor" />
<Test name="testGetInstance" />
<Test name="testGetReplacement" />
<Test name="testGetTransformation" />
</TestCase>
<TestCase name="DigitsKeyListenerTest">
<Test name="testConstructor" />
<Test name="testFilter1" />
<Test name="testFilter2" />
<Test name="testFilter3" />
<Test name="testFilter4" />
<Test name="testDigitsKeyListener1" />
<Test name="testDigitsKeyListener2" />
<Test name="testDigitsKeyListener3" />
<Test name="testDigitsKeyListener4" />
<Test name="testDigitsKeyListener5" />
<Test name="testGetInstance1" />
<Test name="testGetInstance2" />
<Test name="testGetInstance3" />
<Test name="testGetAcceptedChars" />
<Test name="testGetInputType" />
</TestCase>
<TestCase name="DateTimeKeyListenerTest">
<Test name="testConstructor" />
<Test name="testGetInstance" />
<Test name="testGetAcceptedChars" />
<Test name="testGetInputType" />
<Test name="testDateTimeKeyListener" />
</TestCase>
<TestCase name="BaseKeyListenerTest">
<Test name="testBackspace" />
<Test name="testBackspace_withSendKeys" />
<Test name="testPressKey" />
</TestCase>
<TestCase name="HideReturnsTransformationMethodTest">
<Test name="testConstructor" />
<Test name="testGetOriginal" />
<Test name="testGetInstance" />
<Test name="testGetReplacement" />
</TestCase>
<TestCase name="MetaKeyKeyListenerTest">
<Test name="testPressKey" />
<Test name="testReleaseKey" />
<Test name="testAdjustMetaAfterKeypress" />
<Test name="testAdjustMetaAfterKeypress2" />
<Test name="testResetMetaState" />
<Test name="testGetMetaState" />
<Test name="testGetMetaState2" />
<Test name="testIsMetaTracker" />
<Test name="testIsSelectingMetaTracker" />
<Test name="testResetLockedMeta" />
<Test name="testResetLockedMeta2" />
<Test name="testClearMetaKeyState" />
<Test name="testClearMetaKeyState2" />
<Test name="testClearMetaKeyState3" />
<Test name="testHandleKeyDown" />
<Test name="testHandleKeyUp" />
<Test name="testAndroidTestCaseSetupProperly" />
</TestCase>
<TestCase name="DateKeyListenerTest">
<Test name="testConstructor" />
<Test name="testGetInstance" />
<Test name="testGetAcceptedChars" />
<Test name="testGetInputType" />
<Test name="testDateTimeKeyListener" />
</TestCase>
<TestCase name="TextKeyListenerTest">
<Test name="testConstructor" />
<Test name="testShouldCap" />
<Test name="testOnSpanAdded" />
<Test name="testGetInstance1" />
<Test name="testGetInstance2" />
<Test name="testOnSpanChanged" />
<Test name="testClear" />
<Test name="testOnSpanRemoved" />
<Test name="testPressKey" />
<Test name="testOnKeyOther" />
<Test name="testGetInputType" />
</TestCase>
<TestCase name="ReplacementTransformationMethodTest">
<Test name="testGetTransformation" />
<Test name="testGetTransformationWithAbnormalCharSequence" />
<Test name="testGetTransformationWithAbmornalReplacement" />
<Test name="testGetTransformationWithAbmornalOriginal" />
<Test name="testOnFocusChanged" />
</TestCase>
</TestSuite>
</TestSuite>
<TestSuite name="format">
<TestSuite name="cts">
<TestCase name="DateFormatTest">
<Test name="testDateFormat" />
<Test name="testFormatMethods" />
<Test name="test2038" />
<Test name="testAndroidTestCaseSetupProperly" />
</TestCase>
<TestCase name="DateUtilsTest">
<Test name="testGetDayOfWeekString" />
<Test name="testGetMonthString" />
<Test name="testGetAMPMString" />
<Test name="testGetSpanString" />
<Test name="testFormatMethods" />
<Test name="testIsToday" />
<Test name="test2038" expectation="failure" />
<Test name="testAndroidTestCaseSetupProperly" />
</TestCase>
<TestCase name="TimeTest">
<Test name="testConstructor" />
<Test name="testNormalize" />
<Test name="testSwitchTimezone" />
<Test name="testSet" />
<Test name="testGetWeekNumber" />
<Test name="testIsEpoch" />
<Test name="testAfterBefore" />
<Test name="testNormalize1" />
<Test name="testSwitchTimezone0" />
<Test name="testCtor0" />
<Test name="testGetActualMaximum0" />
<Test name="testClear0" />
<Test name="testCompare0" />
<Test name="testCompareNullFailure" />
<Test name="testFormat0" />
<Test name="testSetToNow0" />
<Test name="testMillis0" />
<Test name="testParse0" />
<Test name="testSet0" />
<Test name="testSet1" />
<Test name="testGetJulianDay" />
<Test name="testSetJulianDay" />
<Test name="testAndroidTestCaseSetupProperly" />
</TestCase>
<TestCase name="FormatterTest">
<Test name="testFormatFileSize" />
<Test name="testFormatIpAddress" />
<Test name="testAndroidTestCaseSetupProperly" />
</TestCase>
</TestSuite>
</TestSuite>
<TestSuite name="cts">
<TestCase name="InputFilter_AllCapsTest">
<Test name="testFilter" />
<Test name="testAndroidTestCaseSetupProperly" />
</TestCase>
<TestCase name="AutoTextTest">
<Test name="testGet" />
<Test name="testGetSize" />
<Test name="testAndroidTestCaseSetupProperly" />
</TestCase>
<TestCase name="BoringLayoutTest">
<Test name="testConstructors" />
<Test name="testScale" />
<Test name="testPreconditions" />
<Test name="testReplaceOrMake" />
<Test name="testAlignment" />
<Test name="testIncludePadding" />
<Test name="testIsBoringString" />
<Test name="testGetLineDirections" />
<Test name="testMake" />
<Test name="testDraw" />
<Test name="testAndroidTestCaseSetupProperly" />
</TestCase>
<TestCase name="SelectionTest">
<Test name="testGetSelectionStart" />
<Test name="testGetSelectionEnd" />
<Test name="testSetSelection1" />
<Test name="testSetSelection2" />
<Test name="testRemoveSelection" />
<Test name="testSelectAll" />
<Test name="testMoveLeft" />
<Test name="testMoveRight" />
<Test name="testMoveUp" />
<Test name="testMoveDown" />
<Test name="testExtendSelection" />
<Test name="testExtendLeft" />
<Test name="testExtendRight" />
<Test name="testExtendUp" />
<Test name="testExtendDown" />
<Test name="testExtendToLeftEdge" />
<Test name="testExtendToRightEdge" />
<Test name="testMoveToLeftEdge" />
<Test name="testMoveToRightEdge" />
<Test name="testAndroidTestCaseSetupProperly" />
</TestCase>
<TestCase name="LoginFilter_PasswordFilterGMailTest">
<Test name="testConstructor" />
<Test name="testIsAllowed" />
</TestCase>
<TestCase name="ClipboardManagerTest">
<Test name="testAccessText" />
<Test name="testHasText" />
<Test name="testAndroidTestCaseSetupProperly" />
</TestCase>
<TestCase name="Spannable_FactoryTest">
<Test name="testNewSpannable" />
<Test name="testGetInstance" />
<Test name="testAndroidTestCaseSetupProperly" />
</TestCase>
<TestCase name="LoginFilter_UsernameFilterGMailTest">
<Test name="testConstructor" />
<Test name="testIsAllowed" />
</TestCase>
<TestCase name="InputFilter_LengthFilterTest">
<Test name="testFilter" />
<Test name="testAndroidTestCaseSetupProperly" />
</TestCase>
<TestCase name="SpannableStringTest">
<Test name="testConstructor" />
<Test name="testValueOf" />
<Test name="testSetSpan" />
<Test name="testRemoveSpan" />
<Test name="testSubSequence" />
<Test name="testAndroidTestCaseSetupProperly" />
</TestCase>
<TestCase name="AnnotationTest">
<Test name="testConstructor" />
<Test name="testGetValue" />
<Test name="testGetKey" />
<Test name="testGetSpanTypeId" />
<Test name="testWriteToParcel" />
<Test name="testAndroidTestCaseSetupProperly" />
</TestCase>
<TestCase name="TextUtilsTest">
<Test name="testCommaEllipsize" />
<Test name="testConcat" />
<Test name="testCopySpansFrom" />
<Test name="testEllipsize" />
<Test name="testEllipsizeCallback" />
<Test name="testEquals" />
<Test name="testExpandTemplate" />
<Test name="testGetChars" />
<Test name="testGetOffsetAfter" />
<Test name="testGetOffsetBefore" />
<Test name="testGetReverse" />
<Test name="testGetTrimmedLength" />
<Test name="testHtmlEncode" />
<Test name="testIndexOf1" />
<Test name="testIndexOf2" />
<Test name="testIndexOf3" />
<Test name="testIndexOf4" />
<Test name="testIndexOf5" />
<Test name="testIndexOf6" />
<Test name="testIsDigitsOnly" />
<Test name="testIsEmpty" />
<Test name="testIsGraphicChar" />
<Test name="testIsGraphicCharSequence" />
<Test name="testJoin1" />
<Test name="testJoin2" />
<Test name="testLastIndexOf1" />
<Test name="testLastIndexOf2" />
<Test name="testLastIndexOf3" />
<Test name="testRegionMatches" />
<Test name="testReplace" />
<Test name="testSplitPattern" />
<Test name="testSplitString" />
<Test name="testStringOrSpannedString" />
<Test name="testSubString" />
<Test name="testWriteToParcel" />
<Test name="testGetCapsMode" />
<Test name="testGetCapsModeException" />
<Test name="testDumpSpans" />
<Test name="testAndroidTestCaseSetupProperly" />
</TestCase>
<TestCase name="StaticLayoutLineBreakingTest">
<Test name="testNoLineBreak" />
<Test name="testOneLineBreak" />
<Test name="testSpaceAtBreak" />
<Test name="testMultipleSpacesAtBreak" />
<Test name="testZeroWidthCharacters" />
<Test name="testWithSpans" />
<Test name="testWithOverlappingSpans" />
<Test name="testWithOneSpan" />
<Test name="testWithTwoSpans" />
<Test name="testBreakCondition" />
<Test name="testReplacementSpan" />
<Test name="testParagraphs" />
<Test name="testWithEmoji" />
<Test name="testWithSurrogate" />
<Test name="testNarrowWidth" />
<Test name="testAndroidTestCaseSetupProperly" />
</TestCase>
<TestCase name="DynamicLayoutTest">
<Test name="testConstructors" />
<Test name="testEllipsis" />
<Test name="testIncludePadding" />
<Test name="testLineLayout" />
<Test name="testAndroidTestCaseSetupProperly" />
</TestCase>
<TestCase name="Editable_FactoryTest">
<Test name="testNewEditable" />
<Test name="testGetInstance" />
<Test name="testAndroidTestCaseSetupProperly" />
</TestCase>
<TestCase name="SpannedStringTest">
<Test name="testConstructor" />
<Test name="testValueOf" />
<Test name="testSubSequence" />
<Test name="testAndroidTestCaseSetupProperly" />
</TestCase>
<TestCase name="TextPaintTest">
<Test name="testConstructor" />
<Test name="testSet" />
<Test name="testAndroidTestCaseSetupProperly" />
</TestCase>
<TestCase name="HtmlTest">
<Test name="testSingleTagOnWhileString" />
<Test name="testBadHtml" />
<Test name="testSymbols" />
<Test name="testColor" />
<Test name="testParagraphs" />
<Test name="testBlockquote" />
<Test name="testEntities" />
<Test name="testMarkup" />
<Test name="testImg" />
<Test name="testUtf8" />
<Test name="testAndroidTestCaseSetupProperly" />
</TestCase>
<TestCase name="LayoutTest">
<Test name="testConstructor" />
<Test name="testGetText" />
<Test name="testGetPaint" />
<Test name="testGetWidth" />
<Test name="testGetEllipsizedWidth" />
<Test name="testIncreaseWidthTo" />
<Test name="testGetHeight" />
<Test name="testGetAlignment" />
<Test name="testGetSpacingMultiplier" />
<Test name="testGetSpacingAdd" />
<Test name="testGetLineBounds" />
<Test name="testGetLineForVertical" />
<Test name="testGetLineForOffset" />
<Test name="testGetLineEnd" />
<Test name="testGetLineVisibleEnd" />
<Test name="testGetLineBottom" />
<Test name="testGetLineBaseline" />
<Test name="testGetLineAscent" />
<Test name="testGetParagraphAlignment" />
<Test name="testGetParagraphLeft" />
<Test name="testGetParagraphRight" />
<Test name="testIsSpanned" />
<Test name="testGetDesiredWidthRange" />
<Test name="testGetDesiredWidth" />
<Test name="testAndroidTestCaseSetupProperly" />
</TestCase>
<TestCase name="LoginFilter_UsernameFilterGenericTest">
<Test name="testConstructor" />
<Test name="testIsAllowed" />
</TestCase>
<TestCase name="SpannableStringBuilderTest">
<Test name="testConstructor1" />
<Test name="testConstructor2" />
<Test name="testGetSpanFlags" />
<Test name="testNextSpanTransition" />
<Test name="testSetSpan" />
<Test name="testValueOf" />
<Test name="testReplace1" />
<Test name="testReplace2" />
<Test name="testSubSequence" />
<Test name="testGetChars" />
<Test name="testAppend1" />
<Test name="testAppend2" />
<Test name="testAppend3" />
<Test name="testClearSpans" />
<Test name="testGetSpanStart" />
<Test name="testAccessFilters" />
<Test name="testRemoveSpan" />
<Test name="testToString" />
<Test name="testGetSpanEnd" />
<Test name="testCharAt" />
<Test name="testInsert1" />
<Test name="testInsert2" />
<Test name="testClear" />
<Test name="testGetSpans" />
<Test name="testLength" />
<Test name="testDelete" />
<Test name="testAndroidTestCaseSetupProperly" />
</TestCase>
<TestCase name="AlteredCharSequenceTest">
<Test name="testCharAt" />
<Test name="testGetChars" />
<Test name="testLength" />
<Test name="testMake" />
<Test name="testSubSequence" />
<Test name="testToString" />
<Test name="testAndroidTestCaseSetupProperly" />
</TestCase>
<TestCase name="StaticLayoutTest">
<Test name="testConstructor" />
<Test name="testGetLineForVertical" />
<Test name="testGetLineCount" />
<Test name="testGetLineTop" />
<Test name="testGetLineDescent" />
<Test name="testGetParagraphDirection" />
<Test name="testGetLineStart" />
<Test name="testGetContainsTab" />
<Test name="testGetLineDirections" />
<Test name="testGetTopPadding" />
<Test name="testGetBottomPadding" />
<Test name="testGetEllipsisCount" />
<Test name="testGetEllipsisStart" />
<Test name="testGetEllipsizedWidth" />
<Test name="testImmutableStaticLayout" />
<Test name="testAndroidTestCaseSetupProperly" />
</TestCase>
<TestCase name="AndroidCharacterTest">
<Test name="testConstructor" />
<Test name="testGetDirectionalities" />
<Test name="testGetEastAsianWidth" />
<Test name="testGetEastAsianWidths" />
<Test name="testGetMirror" />
<Test name="testMirror" expectation="failure" />
<Test name="testAndroidTestCaseSetupProperly" />
</TestCase>
<TestCase name="LoginFilterTest">
<Test name="testFilter" />
<Test name="testOnInvalidCharacter" />
<Test name="testOnStop" />
<Test name="testOnStart" />
</TestCase>
<TestCase name="TextUtils_SimpleStringSplitterTest">
<Test name="testConstructor" />
<Test name="testHasNext" />
<Test name="testIterator" />
<Test name="testNext1" />
<Test name="testNext2" />
<Test name="testRemove" />
<Test name="testSetString" />
<Test name="testAndroidTestCaseSetupProperly" />
</TestCase>
<TestCase name="BoringLayout_MetricsTest">
<Test name="testMetrics" />
<Test name="testAndroidTestCaseSetupProperly" />
</TestCase>
<TestCase name="SpannableStringBuilderSpanTest">
<Test name="testReplaceWithSpans" />
<Test name="testAndroidTestCaseSetupProperly" />
</TestCase>
</TestSuite>
<TestSuite name="util">
<TestSuite name="cts">
<TestCase name="Rfc822TokenTest">
<Test name="testConstructor" />
<Test name="testAccessName" />
<Test name="testQuoteComment" />
<Test name="testAccessComment" />
<Test name="testAccessAddress" />
<Test name="testToString" />
<Test name="testQuoteNameIfNecessary" />
<Test name="testQuoteName" />
<Test name="testAndroidTestCaseSetupProperly" />
</TestCase>
<TestCase name="LinkifyTest">
<Test name="testConstructor" />
<Test name="testAddLinks1" />
<Test name="testAddLinks2" />
<Test name="testAddLinks3" />
<Test name="testAddLinks4" />
<Test name="testAddLinks5" />
<Test name="testAddLinks6" />
<Test name="testAndroidTestCaseSetupProperly" />
</TestCase>
<TestCase name="Rfc822TokenizerTest">
<Test name="testConstructor" />
<Test name="testFindTokenStart" />
<Test name="testFindTokenEnd" />
<Test name="testTerminateToken" />
<Test name="testTokenize" />
<Test name="testAndroidTestCaseSetupProperly" />
</TestCase>
</TestSuite>
</TestSuite>
</TestSuite>
</TestSuite>
</TestPackage>
