<?xml version="1.0" encoding="UTF-8"?>
<TestPackage appNameSpace="android.uiautomator" appPackageName="android.uiautomator" name="CtsUiAutomatorTests" targetBinaryName="CtsUiAutomatorApp" targetNameSpace="com.android.cts.uiautomator" testType="uiAutomator" jarPath="CtsUiAutomatorTests.jar" version="1.0">
<TestSuite name="com">
<TestSuite name="android">
<TestSuite name="cts">
<TestSuite name="uiautomatortest">
<TestCase name="CtsUiAutomatorTest">
<Test name="testListScrollAndSelect" />
<Test name="testTextEraseAndInput" />
<Test name="testSelectByContentDescription" />
<Test name="testSelectByText" />
<Test name="testSelectByIndex" />
<Test name="testSelectByInstance" />
<Test name="testSelectAfterContentChanged" />
<Test name="testDeviceSoftKeys" />
<Test name="testWaitForIdleTimeout" />
<Test name="testVerifyMenuClicks" />
<Test name="testSwipes" />
<Test name="testComplexSelectors" />
<Test name="testWebViewTextTraversal" />
<Test name="testExceptionObjectNotFound" />
<Test name="testUiWatcher" />
<Test name="testSelectorChecked" />
<Test name="testSelectorClickable" />
<Test name="testSelectorFocusable" />
<Test name="testSelectorDescriptionContains" />
<Test name="testSelectorDescriptionStarts" />
<Test name="testSelectorEnabled" />
<Test name="testCollectionCount" />
<Test name="testCollectionGetChildByText" />
<Test name="testCollectionGetChildByInstance" />
<Test name="testCollectionGetChildByDescription" />
</TestCase>
</TestSuite>
</TestSuite>
</TestSuite>
</TestSuite>
</TestPackage>
