<?xml version="1.0" encoding="UTF-8"?>
<TestPackage appNameSpace="com.android.cts.util" appPackageName="android.util" name="CtsUtilTestCases" runner="android.test.InstrumentationCtsTestRunner" targetBinaryName="CtsTestStubs" targetNameSpace="com.android.cts.stub" version="1.0">
<TestSuite name="android">
<TestSuite name="util">
<TestSuite name="cts">
<TestCase name="StateSetTest">
<Test name="testTrimStateSet" />
<Test name="testDump" />
<Test name="testStateSetMatches" />
<Test name="testAndroidTestCaseSetupProperly" />
</TestCase>
<TestCase name="SparseBooleanArrayTest">
<Test name="testSparseBooleanArrayWithDefaultCapacity" />
<Test name="testSparseBooleanArrayWithSpecifiedCapacity" />
<Test name="testAndroidTestCaseSetupProperly" />
</TestCase>
<TestCase name="DisplayMetricsTest">
<Test name="testDisplayMetricsOp" />
<Test name="testAndroidTestCaseSetupProperly" />
</TestCase>
<TestCase name="AndroidExceptionTest">
<Test name="testAndroidException" />
<Test name="testAndroidTestCaseSetupProperly" />
</TestCase>
<TestCase name="MonthDisplayHelperTest">
<Test name="testConstructor" />
<Test name="testNumberOfDaysInCurrentMonth" />
<Test name="testNextMonth" />
<Test name="testGetRowOf" />
<Test name="testHelperProperties" />
<Test name="testMonthRows" />
<Test name="testFirstDayOfMonth" />
<Test name="testGetColumnOf" />
<Test name="testGetDayAt" />
<Test name="testPrevMonth" />
<Test name="testIsWithinCurrentMonth" />
<Test name="testAndroidTestCaseSetupProperly" />
</TestCase>
<TestCase name="SparseIntArrayTest">
<Test name="testSparseIntArrayWithDefaultCapacity" />
<Test name="testSparseIntArrayWithSpecifiedCapacity" />
<Test name="testSparseIntArrayRemoveAt" />
<Test name="testAndroidTestCaseSetupProperly" />
</TestCase>
<TestCase name="PrintStreamPrinterTest">
<Test name="testConstructor" />
<Test name="testPrintln" />
<Test name="testAndroidTestCaseSetupProperly" />
</TestCase>
<TestCase name="DebugUtilsTest">
<Test name="testIsObjectSelected" />
</TestCase>
<TestCase name="StringBuilderPrinterTest">
<Test name="testStringBuilderPrinter" />
<Test name="testAndroidTestCaseSetupProperly" />
</TestCase>
<TestCase name="XmlTest">
<Test name="testParseStringContentHandler" />
<Test name="testParseReaderContentHander" />
<Test name="testParseInputStreamEncodingContentHandler" />
<Test name="testNewSerializer" />
<Test name="testFindEncodingByName" />
<Test name="testAsAttributeSet" />
<Test name="testAndroidTestCaseSetupProperly" />
</TestCase>
<TestCase name="TimeUtilsTest">
<Test name="testUnitedStates" />
<Test name="testWeirdUnitedStates" />
<Test name="testOld" />
<Test name="testWorldWeird" />
</TestCase>
<TestCase name="LogPrinterTest">
<Test name="testConstructor" />
<Test name="testPrintln" />
<Test name="testAndroidTestCaseSetupProperly" />
</TestCase>
<TestCase name="AndroidRuntimeExceptionTest">
<Test name="testAndroidRuntimeException" />
<Test name="testAndroidTestCaseSetupProperly" />
</TestCase>
<TestCase name="TypedValueTest">
<Test name="testConstructor" />
<Test name="testGetFloat" />
<Test name="testComplexToDimension" />
<Test name="testSetTo" />
<Test name="testGetFraction" />
<Test name="testComplexToDimensionPixelSize" />
<Test name="testComplexToFraction" />
<Test name="testToString" />
<Test name="testApplyDimension" />
<Test name="testCoerceToString1" />
<Test name="testCoerceToString2" />
<Test name="testComplexToFloat" />
<Test name="testGetDimension" />
<Test name="testComplexToDimensionNoisy" />
</TestCase>
<TestCase name="XmlEncodingTest">
<Test name="testValueOf" />
</TestCase>
<TestCase name="EventLogTest">
<Test name="testWriteEvent" />
<Test name="testWriteEventWithOversizeValue" />
<Test name="testWriteNullEvent" />
<Test name="testReadEvents" />
<Test name="testGetTagName" />
<Test name="testGetTagCode" />
</TestCase>
<TestCase name="FloatMathTest">
<Test name="testFloatMathMethods" />
</TestCase>
<TestCase name="PrintWriterPrinterTest">
<Test name="testConstructor" />
<Test name="testPrintln" />
<Test name="testAndroidTestCaseSetupProperly" />
</TestCase>
<TestCase name="SparseArrayTest">
<Test name="testSparseArrayWithDefaultCapacity" />
<Test name="testSparseArrayWithSpecifiedCapacity" />
<Test name="testAndroidTestCaseSetupProperly" />
</TestCase>
<TestCase name="TimingLoggerTest">
<Test name="testTimingLogger" />
<Test name="testAndroidTestCaseSetupProperly" />
</TestCase>
<TestCase name="LogTest">
<Test name="testLogOperations" />
<Test name="testAndroidTestCaseSetupProperly" />
</TestCase>
</TestSuite>
</TestSuite>
</TestSuite>
</TestPackage>
