<?xml version="1.0" encoding="UTF-8"?>
<TestPackage appNameSpace="com.android.cts.view" appPackageName="android.view" name="CtsViewTestCases" runner="android.test.InstrumentationCtsTestRunner" targetBinaryName="CtsTestStubs" targetNameSpace="com.android.cts.stub" version="1.0">
<TestSuite name="android">
<TestSuite name="view">
<TestSuite name="animation">
<TestSuite name="cts">
<TestCase name="AccelerateInterpolatorTest">
<Test name="testConstructor" />
<Test name="testAccelerateInterpolator" />
<Test name="testGetInterpolation" />
</TestCase>
<TestCase name="AlphaAnimationTest">
<Test name="testConstructor" />
<Test name="testWillChangeBounds" />
<Test name="testWillChangeTransformationMatrix" />
<Test name="testApplyTransformation" />
<Test name="testAndroidTestCaseSetupProperly" />
</TestCase>
<TestCase name="ScaleAnimationTest">
<Test name="testConstructors" />
<Test name="testApplyTransformation" />
<Test name="testApplyTransformationIndirectly" />
</TestCase>
<TestCase name="CycleInterpolatorTest">
<Test name="testConstructors" />
<Test name="testCycyleInterpolator" />
<Test name="testGetInterpolation" />
</TestCase>
<TestCase name="RotateAnimationTest">
<Test name="testConstructors" />
<Test name="testRotateAgainstOrigin" />
<Test name="testRotateAgainstPoint" />
</TestCase>
<TestCase name="DecelerateInterpolatorTest">
<Test name="testConstructor" />
<Test name="testDecelerateInterpolator" />
<Test name="testGetInterpolation" />
</TestCase>
<TestCase name="LayoutAnimationController_AnimationParametersTest">
<Test name="testConstructor" />
<Test name="testAndroidTestCaseSetupProperly" />
</TestCase>
<TestCase name="AnimationSetTest">
<Test name="testConstructor" />
<Test name="testInitialize" />
<Test name="testSetFillAfter" />
<Test name="testSetFillBefore" />
<Test name="testAccessDuration" />
<Test name="testRestrictDuration" />
<Test name="testComputeDurationHint" />
<Test name="testScaleCurrentDuration" />
<Test name="testAccessRepeatMode" />
<Test name="testAccessStartOffset" />
<Test name="testAccessStartTime" />
<Test name="testGetTransformation" />
<Test name="testAccessAnimations" />
<Test name="testWillChangeTransformationMatrix" />
<Test name="testClone" />
</TestCase>
<TestCase name="AnimationTest">
<Test name="testConstructor" />
<Test name="testAccessInterpolator" />
<Test name="testDefaultFill" />
<Test name="testAccessFill" />
<Test name="testComputeDurationHint" />
<Test name="testRepeatAnimation" />
<Test name="testAccessStartOffset" />
<Test name="testRunAccelerateAlpha" />
<Test name="testGetTransformation" />
<Test name="testAccessZAdjustment" />
<Test name="testInitialize" />
<Test name="testResolveSize" />
<Test name="testRestrictDuration" />
<Test name="testScaleCurrentDuration" />
<Test name="testSetAnimationListener" />
<Test name="testStart" />
<Test name="testStartNow" />
<Test name="testWillChangeBounds" />
<Test name="testWillChangeTransformationMatrix" />
<Test name="testClone" />
</TestCase>
<TestCase name="GridLayoutAnimationController_AnimationParametersTest">
<Test name="testConstructor" />
<Test name="testAndroidTestCaseSetupProperly" />
</TestCase>
<TestCase name="GridLayoutAnimationControllerTest">
<Test name="testConstructor" />
<Test name="testAccessDelay" />
<Test name="testAccessDirection" />
<Test name="testGetDelayForView" />
<Test name="testAccessDirectionPriority" />
<Test name="testWillOverlap" />
</TestCase>
<TestCase name="TransformationTest">
<Test name="testConstructor" />
<Test name="testCompose" />
<Test name="testClear" />
<Test name="testAccessTransformationType" />
<Test name="testSet" />
<Test name="testAccessAlpha" />
<Test name="testToString" />
<Test name="testGetMatrix" />
<Test name="testAndroidTestCaseSetupProperly" />
</TestCase>
<TestCase name="TranslateAnimationTest">
<Test name="testConstructors" />
<Test name="testApplyTransformation" />
<Test name="testInitialize" />
</TestCase>
<TestCase name="LayoutAnimationControllerTest">
<Test name="testAccessOrder" />
<Test name="testAccessDelay" />
<Test name="testAccessAnimation" />
<Test name="testAccessInterpolator" />
<Test name="testConstructor" />
<Test name="testGetDelayForView" />
<Test name="testGetTransformedIndex" />
<Test name="testStart" />
<Test name="testIsDone" />
<Test name="testGetAnimationForView" />
<Test name="testWillOverlap" />
</TestCase>
<TestCase name="AnimationUtilsTest">
<Test name="testLoad" />
<Test name="testMakeAnimation" />
<Test name="testCurrentAnimationTimeMillis" />
</TestCase>
<TestCase name="AccelerateDecelerateInterpolatorTest">
<Test name="testConstructor" />
<Test name="testAccelerateDecelerateInterpolator" />
<Test name="testGetInterpolation" />
</TestCase>
<TestCase name="LinearInterpolatorTest">
<Test name="testConstructor" />
<Test name="testGetInterpolation" />
<Test name="testLinearInterpolator" />
</TestCase>
</TestSuite>
</TestSuite>
<TestSuite name="inputmethod">
<TestSuite name="cts">
<TestCase name="InputMethodInfoTest">
<Test name="testInputMethodInfoProperties" />
<Test name="testInputMethodSubtypeProperties" />
<Test name="testDump" />
<Test name="testLoadIcon" />
<Test name="testEquals" />
<Test name="testLoadLabel" />
<Test name="testInputMethodInfoWriteToParcel" />
<Test name="testInputMethodSubtypeWriteToParcel" />
<Test name="testAndroidTestCaseSetupProperly" />
</TestCase>
<TestCase name="ExtractedTextTest">
<Test name="testWriteToParcel" />
<Test name="testAndroidTestCaseSetupProperly" />
</TestCase>
<TestCase name="CompletionInfoTest">
<Test name="testCompletionInfo" />
<Test name="testAndroidTestCaseSetupProperly" />
</TestCase>
<TestCase name="InputConnectionWrapperTest">
<Test name="testInputConnectionWrapper" />
<Test name="testAndroidTestCaseSetupProperly" />
</TestCase>
<TestCase name="ExtractedTextRequestTest">
<Test name="testExtractedTextRequest" />
<Test name="testAndroidTestCaseSetupProperly" />
</TestCase>
<TestCase name="EditorInfoTest">
<Test name="testEditorInfo" />
<Test name="testAndroidTestCaseSetupProperly" />
</TestCase>
<TestCase name="InputBindingTest">
<Test name="testInputBinding" />
<Test name="testAndroidTestCaseSetupProperly" />
</TestCase>
<TestCase name="InputMethodManagerTest">
<Test name="testInputMethodManager" />
</TestCase>
<TestCase name="BaseInputConnectionTest">
<Test name="testDefaultMethods" />
<Test name="testOpComposingSpans" />
<Test name="testOpTextMethods" />
<Test name="testFinishComposingText" />
<Test name="testSendKeyEvent" />
<Test name="testReportFullscreenMode" />
</TestCase>
</TestSuite>
</TestSuite>
<TestSuite name="cts">
<TestCase name="View_FocusHandlingTest">
<Test name="testFocusHandling" />
</TestCase>
<TestCase name="SoundEffectConstantsTest">
<Test name="testgetContantForFocusDirection" />
<Test name="testAndroidTestCaseSetupProperly" />
</TestCase>
<TestCase name="ViewDebugTest">
<Test name="testConstructor" />
<Test name="testRecyclerTracing" />
<Test name="testHierarchyTracing" />
<Test name="testAndroidTestCaseSetupProperly" />
</TestCase>
<TestCase name="WindowManager_LayoutParamsTest">
<Test name="testConstructor" />
<Test name="testCopyFrom" />
<Test name="testDescribeContents" />
<Test name="testAccessTitle" />
<Test name="testToString" />
<Test name="testWriteToParcel" />
<Test name="testDebug" />
<Test name="testAndroidTestCaseSetupProperly" />
</TestCase>
<TestCase name="ViewConfigurationTest">
<Test name="testStaticValues" />
<Test name="testConstructor" />
<Test name="testInstanceValues" />
</TestCase>
<TestCase name="View_AnimationTest">
<Test name="testAnimation" />
<Test name="testStartAnimation" />
<Test name="testClearBeforeAnimation" />
<Test name="testClearDuringAnimation" />
</TestCase>
<TestCase name="ViewGroup_LayoutParamsTest">
<Test name="testConstructor" />
<Test name="testSetBaseAttributes" />
<Test name="testAndroidTestCaseSetupProperly" />
</TestCase>
<TestCase name="OrientationEventListenerTest">
<Test name="testConstructor" />
<Test name="testEnableAndDisable" />
<Test name="testCanDetectOrientation" />
<Test name="testAndroidTestCaseSetupProperly" />
</TestCase>
<TestCase name="ViewGroupTest">
<Test name="testConstructor" />
<Test name="testAddFocusables" />
<Test name="testAddStatesFromChildren" />
<Test name="testAddTouchables" />
<Test name="testAddView" />
<Test name="testAddViewWithParaViewInt" />
<Test name="testAddViewWithParaViewLayoutPara" />
<Test name="testAddViewWithParaViewIntInt" />
<Test name="testAddViewWidthParaViewIntLayoutParam" />
<Test name="testAddViewInLayout" />
<Test name="testAttachLayoutAnimationParameters" />
<Test name="testAttachViewToParent" />
<Test name="testAddViewInLayoutWithParamViewIntLayB" />
<Test name="testBringChildToFront" />
<Test name="testCanAnimate" />
<Test name="testCheckLayoutParams" />
<Test name="testChildDrawableStateChanged" />
<Test name="testCleanupLayoutState" />
<Test name="testClearChildFocus" />
<Test name="testClearDisappearingChildren" />
<Test name="testClearFocus" />
<Test name="testDetachAllViewsFromParent" />
<Test name="testDetachViewFromParent" />
<Test name="testDetachViewFromParentWithParamView" />
<Test name="testDetachViewsFromParent" />
<Test name="testDispatchDraw" />
<Test name="testDispatchFreezeSelfOnly" />
<Test name="testDispatchKeyEvent" />
<Test name="testDispatchSaveInstanceState" />
<Test name="testDispatchSetPressed" />
<Test name="testDispatchSetSelected" />
<Test name="testDispatchThawSelfOnly" />
<Test name="testDispatchTouchEvent" />
<Test name="testDispatchTrackballEvent" />
<Test name="testDispatchUnhandledMove" />
<Test name="testDispatchWindowFocusChanged" />
<Test name="testDispatchWindowVisibilityChanged" />
<Test name="testDrawableStateChanged" />
<Test name="testDrawChild" />
<Test name="testFindFocus" />
<Test name="testFitSystemWindows" />
<Test name="testFocusableViewAvailable" />
<Test name="testFocusSearch" />
<Test name="testGatherTransparentRegion" />
<Test name="testGenerateDefaultLayoutParams" />
<Test name="testGenerateLayoutParamsWithParaAttributeSet" />
<Test name="testGenerateLayoutParams" />
<Test name="testGetChildDrawingOrder" />
<Test name="testGetChildMeasureSpec" />
<Test name="testGetChildStaticTransformation" />
<Test name="testGetChildVisibleRect" />
<Test name="testGetDescendantFocusability" />
<Test name="testGetLayoutAnimation" />
<Test name="testGetLayoutAnimationListener" />
<Test name="testGetPersistentDrawingCache" />
<Test name="testHasFocus" />
<Test name="testHasFocusable" />
<Test name="testIndexOfChild" />
<Test name="testInvalidateChild" />
<Test name="testIsAlwaysDrawnWithCacheEnabled" />
<Test name="testIsAnimationCacheEnabled" />
<Test name="testIsChildrenDrawnWithCacheEnabled" />
<Test name="testMeasureChild" />
<Test name="testMeasureChildren" />
<Test name="testMeasureChildWithMargins" />
<Test name="testOffsetDescendantRectToMyCoords" />
<Test name="testOffsetRectIntoDescendantCoords" />
<Test name="testOnAnimationEnd" />
<Test name="testOnAnimationStart" />
<Test name="testOnCreateDrawableState" />
<Test name="testOnInterceptTouchEvent" />
<Test name="testOnLayout" />
<Test name="testOnRequestFocusInDescendants" />
<Test name="testRemoveAllViews" />
<Test name="testRemoveAllViewsInLayout" />
<Test name="testRemoveDetachedView" />
<Test name="testRemoveView" />
<Test name="testRemoveViewAt" />
<Test name="testRemoveViewInLayout" />
<Test name="testRemoveViews" />
<Test name="testRemoveViewsInLayout" />
<Test name="testRequestChildFocus" />
<Test name="testRequestChildRectangleOnScreen" />
<Test name="testRequestDisallowInterceptTouchEvent" />
<Test name="testRequestFocus" />
<Test name="testRequestTransparentRegion" />
<Test name="testScheduleLayoutAnimation" />
<Test name="testSetAddStatesFromChildren" />
<Test name="testSetChildrenDrawingCacheEnabled" />
<Test name="testSetChildrenDrawnWithCacheEnabled" />
<Test name="testSetClipChildren" />
<Test name="testSetClipToPadding" />
<Test name="testSetDescendantFocusability" />
<Test name="testSetOnHierarchyChangeListener" />
<Test name="testSetPadding" />
<Test name="testSetPersistentDrawingCache" />
<Test name="testShowContextMenuForChild" />
<Test name="testStartLayoutAnimation" />
<Test name="testUpdateViewLayout" />
<Test name="testDebug" />
<Test name="testDispatchKeyEventPreIme" />
</TestCase>
<TestCase name="InflateExceptionTest">
<Test name="testInflateException" />
</TestCase>
<TestCase name="ViewTest">
<Test name="testConstructor" />
<Test name="testGetContext" />
<Test name="testGetResources" />
<Test name="testGetAnimation" />
<Test name="testSetAnimation" />
<Test name="testClearAnimation" />
<Test name="testStartAnimation" />
<Test name="testOnAnimation" />
<Test name="testGetParent" />
<Test name="testFindViewById" />
<Test name="testAccessTouchDelegate" />
<Test name="testAccessTag" />
<Test name="testOnSizeChanged" />
<Test name="testGetHitRect" />
<Test name="testForceLayout" />
<Test name="testIsLayoutRequested" />
<Test name="testRequestLayout" />
<Test name="testLayout" />
<Test name="testGetBaseline" />
<Test name="testAccessBackground" />
<Test name="testSetBackgroundResource" />
<Test name="testAccessDrawingCacheBackgroundColor" />
<Test name="testSetBackgroundColor" />
<Test name="testVerifyDrawable" />
<Test name="testGetDrawingRect" />
<Test name="testGetFocusedRect" />
<Test name="testGetGlobalVisibleRectPoint" />
<Test name="testGetGlobalVisibleRect" />
<Test name="testComputeHorizontalScroll" />
<Test name="testComputeVerticalScroll" />
<Test name="testGetFadingEdgeStrength" />
<Test name="testGetLeftFadingEdgeStrength" />
<Test name="testGetRightFadingEdgeStrength" />
<Test name="testGetBottomFadingEdgeStrength" />
<Test name="testGetTopFadingEdgeStrength" />
<Test name="testResolveSize" />
<Test name="testGetDefaultSize" />
<Test name="testAccessId" />
<Test name="testAccessLongClickable" />
<Test name="testAccessClickable" />
<Test name="testGetContextMenuInfo" />
<Test name="testSetOnCreateContextMenuListener" />
<Test name="testCreateContextMenu" />
<Test name="testAddFocusables" />
<Test name="testGetFocusables" />
<Test name="testGetRootView" />
<Test name="testGetSolidColor" />
<Test name="testSetMinimumWidth" />
<Test name="testGetSuggestedMinimumWidth" />
<Test name="testSetMinimumHeight" />
<Test name="testGetSuggestedMinimumHeight" />
<Test name="testAccessWillNotCacheDrawing" />
<Test name="testAccessDrawingCacheEnabled" />
<Test name="testGetDrawingCache" />
<Test name="testBuildAndDestroyDrawingCache" />
<Test name="testAccessWillNotDraw" />
<Test name="testAccessDrawingCacheQuality" />
<Test name="testDispatchSetSelected" />
<Test name="testAccessSelected" />
<Test name="testDispatchSetPressed" />
<Test name="testAccessPressed" />
<Test name="testAccessSoundEffectsEnabled" />
<Test name="testAccessKeepScreenOn" />
<Test name="testAccessDuplicateParentStateEnabled" />
<Test name="testAccessEnabled" />
<Test name="testAccessSaveEnabled" />
<Test name="testShowContextMenu" />
<Test name="testFitSystemWindows" />
<Test name="testPerformClick" />
<Test name="testSetOnClickListener" />
<Test name="testPerformLongClick" />
<Test name="testSetOnLongClickListener" />
<Test name="testAccessOnFocusChangeListener" />
<Test name="testAccessNextFocusUpId" />
<Test name="testAccessNextFocusDownId" />
<Test name="testAccessNextFocusLeftId" />
<Test name="testAccessNextFocusRightId" />
<Test name="testAccessMeasuredDimension" />
<Test name="testMeasure" />
<Test name="testAccessLayoutParams" />
<Test name="testIsShown" />
<Test name="testGetDrawingTime" />
<Test name="testScheduleDrawable" />
<Test name="testUnscheduleDrawable" />
<Test name="testGetWindowVisibility" />
<Test name="testGetWindowToken" />
<Test name="testHasWindowFocus" />
<Test name="testGetHandler" />
<Test name="testRemoveCallbacks" />
<Test name="testCancelLongPress" />
<Test name="testGetViewTreeObserver" />
<Test name="testGetWindowAttachCount" />
<Test name="testOnAttachedToAndDetachedFromWindow" />
<Test name="testGetLocationInWindow" />
<Test name="testGetLocationOnScreen" />
<Test name="testAddTouchables" />
<Test name="testGetTouchables" />
<Test name="testInflate" />
<Test name="testIsInTouchMode" />
<Test name="testIsInEditMode" />
<Test name="testPostInvalidate1" />
<Test name="testPostInvalidate2" />
<Test name="testPostInvalidateDelayed" />
<Test name="testPost" />
<Test name="testPostDelayed" />
<Test name="testPlaySoundEffect" />
<Test name="testOnKeyShortcut" />
<Test name="testOnKeyMultiple" />
<Test name="testDispatchKeyShortcutEvent" />
<Test name="testOnTrackballEvent" />
<Test name="testDispatchTrackballEvent" />
<Test name="testDispatchUnhandledMove" />
<Test name="testWindowVisibilityChanged" />
<Test name="testGetLocalVisibleRect" />
<Test name="testMergeDrawableStates" />
<Test name="testOnSaveAndRestoreInstanceState" />
<Test name="testSaveAndRestoreHierarchyState" />
<Test name="testOnKeyDownOrUp" />
<Test name="testDispatchKeyEvent" />
<Test name="testDispatchTouchEvent" />
<Test name="testInvalidate1" />
<Test name="testInvalidate2" />
<Test name="testInvalidate3" />
<Test name="testInvalidateDrawable" />
<Test name="testOnFocusChanged" />
<Test name="testDrawableState" />
<Test name="testWindowFocusChanged" />
<Test name="testDraw" />
<Test name="testRequestFocusFromTouch" />
<Test name="testRequestRectangleOnScreen1" />
<Test name="testRequestRectangleOnScreen2" />
<Test name="testOnTouchEvent" />
<Test name="testBringToFront" />
<Test name="testGetApplicationWindowToken" />
<Test name="testGetBottomPaddingOffset" />
<Test name="testGetLeftPaddingOffset" />
<Test name="testGetRightPaddingOffset" />
<Test name="testGetTopPaddingOffset" />
<Test name="testIsPaddingOffsetRequired" />
<Test name="testGetWindowVisibleDisplayFrame" />
<Test name="testSetScrollContainer" />
<Test name="testTouchMode" />
<Test name="testScrollbarStyle" />
<Test name="testScrollFading" />
<Test name="testScrolling" />
<Test name="testInitializeScrollbarsAndFadingEdge" />
<Test name="testOnStartAndFinishTemporaryDetach" />
<Test name="testKeyPreIme" />
<Test name="testHapticFeedback" />
<Test name="testInputConnection" />
<Test name="testLayoutDirection" />
</TestCase>
<TestCase name="View_IdsTest">
<Test name="testIds" />
</TestCase>
<TestCase name="ChoreographerTest">
<Test name="testFrameDelay" />
<Test name="testPostCallbackWithoutDelayEventuallyRunsCallbacks" />
<Test name="testPostCallbackWithDelayEventuallyRunsCallbacksAfterDelay" />
<Test name="testPostCallbackThrowsIfRunnableIsNull" />
<Test name="testPostCallbackDelayedThrowsIfRunnableIsNull" />
<Test name="testPostFrameCallbackWithoutDelayEventuallyRunsFrameCallbacks" />
<Test name="testPostFrameCallbackWithDelayEventuallyRunsFrameCallbacksAfterDelay" />
<Test name="testPostFrameCallbackThrowsIfCallbackIsNull" />
<Test name="testPostFrameCallbackDelayedThrowsIfCallbackIsNull" />
<Test name="testRemoveFrameCallbackThrowsIfCallbackIsNull" />
<Test name="testAndroidTestCaseSetupProperly" />
</TestCase>
<TestCase name="OrientationListenerTest">
<Test name="testConstructor" />
<Test name="testRegisterationOfOrientationListener" />
<Test name="testOnAccuracyChanged" />
<Test name="testOnSensorChanged" />
<Test name="testOnOrientationChanged" />
<Test name="testAndroidTestCaseSetupProperly" />
</TestCase>
<TestCase name="KeyEventTest">
<Test name="testConstructor" />
<Test name="testGetCharacters" />
<Test name="testGetMaxKeyCode" />
<Test name="testIsShiftPressed" />
<Test name="testGetDeadChar" />
<Test name="testGetKeyData" />
<Test name="testDispatch" />
<Test name="testGetMetaState" />
<Test name="testGetEventTime" />
<Test name="testGetDownTime" />
<Test name="testGetUnicodeChar1" />
<Test name="testGetUnicodeChar2" />
<Test name="testGetNumber" />
<Test name="testIsSymPressed" />
<Test name="testGetDeviceId" />
<Test name="testToString" />
<Test name="testIsAltPressed" />
<Test name="testGetModifierMetaStateMask" />
<Test name="testIsModifierKey" />
<Test name="testNormalizeMetaState" />
<Test name="testMetaStateHasNoModifiers" />
<Test name="testMetaStateHasModifiers" />
<Test name="testHasNoModifiers" />
<Test name="testHasModifiers" />
<Test name="testGetDisplayLabel" />
<Test name="testIsSystem" />
<Test name="testIsPrintingKey" />
<Test name="testGetMatch1" />
<Test name="testGetAction" />
<Test name="testGetRepeatCount" />
<Test name="testWriteToParcel" />
<Test name="testDescribeContents" />
<Test name="testGetKeyCode" />
<Test name="testGetFlags" />
<Test name="testGetScanCode" />
<Test name="testChangeAction" />
<Test name="testChangeFlags" />
<Test name="testChangeTimeRepeat" />
<Test name="testAndroidTestCaseSetupProperly" />
</TestCase>
<TestCase name="KeyCharacterMapTest">
<Test name="testIsPrintingKey" />
<Test name="testLoad" />
<Test name="testGetNumber" />
<Test name="testGetMatch1" />
<Test name="testGetMatch2" />
<Test name="testGetKeyboardType" />
<Test name="testGetEvents" />
<Test name="testGetKeyData" />
<Test name="testAndroidTestCaseSetupProperly" />
</TestCase>
<TestCase name="Surface_OutOfResourcesExceptionTest">
<Test name="testConstructor" />
<Test name="testAndroidTestCaseSetupProperly" />
</TestCase>
<TestCase name="ViewStubTest">
<Test name="testConstructor" />
<Test name="testDraw" />
<Test name="testSetVisibility" />
<Test name="testAccessLayoutResource" />
<Test name="testViewStubHasNoDimensions" />
<Test name="testSetOnInflateListener" />
<Test name="testSetOnInflateListenerError" />
<Test name="testAccessInflatedId" />
<Test name="testInflate" />
<Test name="testInflateError" />
<Test name="testActivityTestCaseSetUpProperly" />
</TestCase>
<TestCase name="DisplayTest">
<Test name="testGetDisplayAttrs" />
<Test name="testAndroidTestCaseSetupProperly" />
</TestCase>
<TestCase name="SurfaceViewTest">
<Test name="testConstructor" />
<Test name="testSurfaceView" />
<Test name="testOnSizeChanged" />
<Test name="testOnScrollChanged" />
<Test name="testOnDetachedFromWindow" />
</TestCase>
<TestCase name="LayoutInflaterTest">
<Test name="testFrom" />
<Test name="testAccessLayoutInflaterProperties" />
<Test name="testCreateView" />
<Test name="testInflate" />
<Test name="testInflate2" />
<Test name="testInflate3" />
<Test name="testInflate4" />
<Test name="testAndroidTestCaseSetupProperly" />
</TestCase>
<TestCase name="MotionEventTest">
<Test name="testObtain1" />
<Test name="testObtain2" />
<Test name="testObtain3" />
<Test name="testAccessAction" />
<Test name="testDescribeContents" />
<Test name="testAccessEdgeFlags" />
<Test name="testWriteToParcel" />
<Test name="testToString" />
<Test name="testOffsetLocation" />
<Test name="testSetLocation" />
<Test name="testGetHistoricalX" />
<Test name="testGetHistoricalY" />
<Test name="testGetHistoricalSize" />
<Test name="testGetHistoricalPressure" />
<Test name="testGetHistoricalEventTime" />
<Test name="testAddBatch" />
<Test name="testGetHistorySize" />
<Test name="testRecycle" />
<Test name="testTransformShouldThrowWhenMatrixIsNull" />
<Test name="testTransformShouldApplyMatrixToPointsAndPreserveRawPosition" />
<Test name="testPointerCoordsDefaultConstructor" />
<Test name="testPointerCoordsCopyConstructor" />
<Test name="testPointerCoordsCopyFrom" />
<Test name="testPointerPropertiesDefaultConstructor" />
<Test name="testPointerPropertiesCopyConstructor" />
<Test name="testPointerPropertiesCopyFrom" />
<Test name="testAndroidTestCaseSetupProperly" />
</TestCase>
<TestCase name="AbsSavedStateTest">
<Test name="testConstructor" />
<Test name="testGetSuperState" />
<Test name="testWriteToParcel" />
</TestCase>
<TestCase name="FocusFinderTest">
<Test name="testGetInstance" />
<Test name="testFindNextFocus" />
<Test name="testFindNextFocusFromRect" />
<Test name="testFindNearestTouchable" />
</TestCase>
<TestCase name="ContextThemeWrapperTest">
<Test name="testConstructor" />
<Test name="testAccessTheme" />
<Test name="testGetSystemService" />
<Test name="testAttachBaseContext" />
<Test name="testAndroidTestCaseSetupProperly" />
</TestCase>
<TestCase name="TouchDelegateTest">
<Test name="testOnTouchEvent" />
</TestCase>
<TestCase name="View_BaseSavedStateTest">
<Test name="testConstructors" />
</TestCase>
<TestCase name="WindowManager_BadTokenExceptionTest">
<Test name="testBadTokenException" />
<Test name="testAndroidTestCaseSetupProperly" />
</TestCase>
<TestCase name="View_MeasureSpecTest">
<Test name="testConstructor" />
<Test name="testGetSize" />
<Test name="testToString" />
<Test name="testGetMode" />
<Test name="testMakeMeasureSpec" />
<Test name="testAndroidTestCaseSetupProperly" />
</TestCase>
<TestCase name="VelocityTrackerTest">
<Test name="testNoMovement" />
<Test name="testLinearMovement" />
<Test name="testAcceleratingMovement" />
<Test name="testDeceleratingMovement" />
<Test name="testLinearSharpDirectionChange" />
<Test name="testLinearSharpDirectionChangeAfterALongPause" />
<Test name="testChangingAcceleration" />
<Test name="testAndroidTestCaseSetupProperly" />
</TestCase>
<TestCase name="GravityTest">
<Test name="testConstructor" />
<Test name="testApply" />
<Test name="testIsVertical" />
<Test name="testIsHorizontal" />
<Test name="testApplyDisplay" />
<Test name="testAndroidTestCaseSetupProperly" />
</TestCase>
<TestCase name="View_LayoutPositionTest">
<Test name="testPositionInParent" />
<Test name="testPadding" />
</TestCase>
<TestCase name="View_UsingViewsTest">
<Test name="testSetProperties" />
<Test name="testSetFocus" />
<Test name="testSetupListeners" />
<Test name="testSetVisibility" />
</TestCase>
<TestCase name="WindowTest">
<Test name="testConstructor" />
<Test name="testOpFlags" />
<Test name="testFindViewById" />
<Test name="testAccessAttributes" />
<Test name="testAccessContainer" />
<Test name="testAddContentView" />
<Test name="testCloseAllPanels" />
<Test name="testGetCurrentFocus" />
<Test name="testDecorView" />
<Test name="testAccessVolumeControlStream" />
<Test name="testAccessWindowManager" />
<Test name="testGetWindowStyle" />
<Test name="testIsActive" />
<Test name="testIsFloating" />
<Test name="testPerformMethods" />
<Test name="testKeepHierarchyState" />
<Test name="testSetBackgroundDrawable" />
<Test name="testSetChild" />
<Test name="testSetContentView" />
<Test name="testSetFeature" />
<Test name="testSetTitle" />
<Test name="testSuperDispatchEvent" />
<Test name="testTakeKeyEvents" />
<Test name="testOnConfigurationChanged" />
<Test name="testRequestFeature" />
<Test name="testSetDefaultWindowFormat" />
<Test name="testSetGravity" />
<Test name="testSetLayout" />
<Test name="testSetType" />
<Test name="testSetSoftInputMode" />
<Test name="testSetWindowAnimations" />
<Test name="testFinalMethod" />
</TestCase>
<TestCase name="ViewGroup_MarginLayoutParamsTest">
<Test name="testConstructor" />
<Test name="testSetMargins" />
</TestCase>
<TestCase name="ViewTreeObserverTest">
<Test name="testAddOnGlobalFocusChangeListener" />
<Test name="testAddOnGlobalLayoutListener" />
<Test name="testAddOnPreDrawListener" />
<Test name="testAddOnTouchModeChangeListener" />
<Test name="testAddOnComputeInternalInsetsListener" />
<Test name="testRemoveOnComputeInternalInsetsListener" />
<Test name="testDispatchOnGlobalLayout" />
<Test name="testDispatchOnPreDraw" />
<Test name="testIsAlive" />
<Test name="testRemoveGlobalOnLayoutListener" />
<Test name="testRemoveOnGlobalFocusChangeListener" />
<Test name="testRemoveOnPreDrawListener" />
<Test name="testRemoveOnTouchModeChangeListener" />
<Test name="testAccessOnScrollChangedListener" />
</TestCase>
<TestCase name="GestureDetectorTest">
<Test name="testConstructor" />
<Test name="testLongpressEnabled" />
</TestCase>
<TestCase name="MenuInflaterTest">
<Test name="testConstructor" />
<Test name="testInflate" />
<Test name="testInflateFromXml" />
</TestCase>
<TestCase name="DisplayRefreshRateTest">
<Test name="testRefreshRate" />
</TestCase>
<TestCase name="SurfaceHolder_BadSurfaceTypeExceptionTest">
<Test name="testBadSurfaceTypeException" />
</TestCase>
</TestSuite>
</TestSuite>
</TestSuite>
</TestPackage>
