<?xml version="1.0" encoding="UTF-8"?>
<TestPackage appNameSpace="com.android.cts.webkit" appPackageName="android.webkit" name="CtsWebkitTestCases" runner="android.test.InstrumentationCtsTestRunner" targetBinaryName="CtsTestStubs" targetNameSpace="com.android.cts.stub" version="1.0">
<TestSuite name="android">
<TestSuite name="webkit">
<TestSuite name="cts">
<TestCase name="WebHistoryItemTest">
<Test name="testWebHistoryItem" />
</TestCase>
<TestCase name="CookieTest">
<Test name="testParse" />
<Test name="testDomain" />
<Test name="testSubDomain" />
<Test name="testInvalidDomain" />
<Test name="testPath" />
<Test name="testEmptyValue" />
<Test name="testAndroidTestCaseSetupProperly" />
</TestCase>
<TestCase name="WebBackForwardListTest">
<Test name="testGetCurrentItem" />
<Test name="testClone" />
</TestCase>
<TestCase name="HttpAuthHandlerTest">
<Test name="testProceed" />
<Test name="testCancel" />
</TestCase>
<TestCase name="WebViewClientTest">
<Test name="testShouldOverrideUrlLoading" />
<Test name="testLoadPage" />
<Test name="testOnReceivedError" />
<Test name="testOnFormResubmission" />
<Test name="testDoUpdateVisitedHistory" />
<Test name="testOnReceivedHttpAuthRequest" />
<Test name="testShouldOverrideKeyEvent" />
<Test name="testOnUnhandledKeyEvent" />
<Test name="testOnScaleChanged" />
</TestCase>
<TestCase name="CacheManager_CacheResultTest">
<Test name="testCacheResult" />
</TestCase>
<TestCase name="WebViewTest">
<Test name="testConstructor" />
<Test name="testFindAddress" />
<Test name="testGetZoomControls" />
<Test name="testInvokeZoomPicker" />
<Test name="testZoom" />
<Test name="testSetScrollBarStyle" />
<Test name="testScrollBarOverlay" />
<Test name="testLoadUrl" />
<Test name="testGetVisibleTitleHeight" />
<Test name="testGetOriginalUrl" />
<Test name="testStopLoading" />
<Test name="testGoBackAndForward" />
<Test name="testAddJavascriptInterface" />
<Test name="testAddJavascriptInterfaceNullObject" />
<Test name="testRemoveJavascriptInterface" />
<Test name="testUseRemovedJavascriptInterface" />
<Test name="testCapturePicture" />
<Test name="testSetPictureListener" />
<Test name="testSaveAndRestorePicture" />
<Test name="testAccessHttpAuthUsernamePassword" />
<Test name="testSavePassword" />
<Test name="testLoadData" />
<Test name="testLoadDataWithBaseUrl" />
<Test name="testFindAll" />
<Test name="testFindNext" />
<Test name="testDocumentHasImages" />
<Test name="testPageScroll" />
<Test name="testGetContentHeight" />
<Test name="testClearCache" />
<Test name="testPlatformNotifications" />
<Test name="testAccessPluginList" />
<Test name="testDestroy" />
<Test name="testFlingScroll" />
<Test name="testRequestFocusNodeHref" />
<Test name="testRequestImageRef" />
<Test name="testDebugDump" />
<Test name="testGetHitTestResult" />
<Test name="testSetInitialScale" />
<Test name="testGetFavicon" />
<Test name="testClearHistory" />
<Test name="testSaveAndRestoreState" />
<Test name="testSetWebViewClient" />
<Test name="testSetAndGetCertificate" />
<Test name="testInsecureSiteClearsCertificate" />
<Test name="testSecureSiteSetsCertificate" />
<Test name="testClearSslPreferences" />
<Test name="testOnReceivedSslError" />
<Test name="testOnReceivedSslErrorProceed" />
<Test name="testOnReceivedSslErrorCancel" />
<Test name="testSslErrorProceedResponseReusedForSameHost" />
<Test name="testSslErrorProceedResponseNotReusedForDifferentHost" />
<Test name="testRequestChildRectangleOnScreen" />
<Test name="testSetDownloadListener" />
<Test name="testSetLayoutParams" />
<Test name="testSetMapTrackballToArrowKeys" />
<Test name="testSetNetworkAvailable" />
<Test name="testSetWebChromeClient" />
<Test name="testPauseResumeTimers" />
<Test name="testAndroidAssetQueryParam" />
<Test name="testAndroidAssetAnchor" />
<Test name="testInternals" />
</TestCase>
<TestCase name="WebView_WebViewTransportTest">
<Test name="testAccessWebView" />
<Test name="testAndroidTestCaseSetupProperly" />
</TestCase>
<TestCase name="UrlInterceptRegistryTest">
<Test name="testRegisterHandler" />
<Test name="testGetSurrogate" />
<Test name="testAndroidTestCaseSetupProperly" />
</TestCase>
<TestCase name="CookieManagerTest">
<Test name="testGetInstance" />
<Test name="testClone" />
<Test name="testAcceptCookie" />
<Test name="testCookieManager" />
<Test name="testRemoveCookies" />
<Test name="testb3167208" />
</TestCase>
<TestCase name="URLUtilTest">
<Test name="testIsAssetUrl" />
<Test name="testIsAboutUrl" />
<Test name="testIsContentUrl" />
<Test name="testIsCookielessProxyUrl" />
<Test name="testIsDataUrl" />
<Test name="testIsFileUrl" />
<Test name="testIsHttpsUrl" />
<Test name="testIsHttpUrl" />
<Test name="testIsJavaScriptUrl" />
<Test name="testIsNetworkUrl" />
<Test name="testIsValidUrl" />
<Test name="testComposeSearchUrl" />
<Test name="testDecode" />
<Test name="testGuessFileName" />
<Test name="testGuessUrl" />
<Test name="testStripAnchor" />
<Test name="testAndroidTestCaseSetupProperly" />
</TestCase>
<TestCase name="WebSettingsTest">
<Test name="testUserAgentString_default" />
<Test name="testAccessUserAgentString" />
<Test name="testAccessUserAgent" />
<Test name="testAccessAllowFileAccess" />
<Test name="testAccessCacheMode" />
<Test name="testAccessCursiveFontFamily" />
<Test name="testAccessFantasyFontFamily" />
<Test name="testAccessFixedFontFamily" />
<Test name="testAccessSansSerifFontFamily" />
<Test name="testAccessSerifFontFamily" />
<Test name="testAccessStandardFontFamily" />
<Test name="testAccessDefaultFontSize" />
<Test name="testAccessDefaultFixedFontSize" />
<Test name="testAccessDefaultTextEncodingName" />
<Test name="testAccessJavaScriptCanOpenWindowsAutomatically" />
<Test name="testAccessJavaScriptEnabled" />
<Test name="testAccessLayoutAlgorithm" />
<Test name="testAccessLightTouchEnabled" />
<Test name="testAccessMinimumFontSize" />
<Test name="testAccessMinimumLogicalFontSize" />
<Test name="testAccessNavDump" />
<Test name="testAccessPluginsEnabled" />
<Test name="testAccessPluginsPath" />
<Test name="testAccessSaveFormData" />
<Test name="testAccessSavePassword" />
<Test name="testAccessTextSize" />
<Test name="testAccessUseDoubleTree" />
<Test name="testAccessUseWideViewPort" />
<Test name="testSetNeedInitialFocus" />
<Test name="testSetRenderPriority" />
<Test name="testAccessSupportMultipleWindows" />
<Test name="testAccessSupportZoom" />
<Test name="testAccessBuiltInZoomControls" />
<Test name="testAppCacheDisabled" />
<Test name="testAppCacheEnabled" />
<Test name="testLoadsImagesAutomatically" />
<Test name="testBlockNetworkImage" />
<Test name="testBlockNetworkLoads" />
<Test name="testLocalImageLoads" />
<Test name="testIframesWhenAccessFromFileURLsEnabled" />
<Test name="testIframesWhenAccessFromFileURLsDisabled" />
<Test name="testXHRWhenAccessFromFileURLsEnabled" />
<Test name="testXHRWhenAccessFromFileURLsDisabled" />
</TestCase>
<TestCase name="WebChromeClientTest">
<Test name="testOnProgressChanged" />
<Test name="testOnReceivedTitle" />
<Test name="testOnReceivedIcon" />
<Test name="testWindows" />
<Test name="testOnJsBeforeUnload" />
<Test name="testOnJsAlert" />
<Test name="testOnJsConfirm" />
<Test name="testOnJsPrompt" />
</TestCase>
<TestCase name="CookieSyncManagerTest">
<Test name="testCookieSyncManager" />
</TestCase>
<TestCase name="CacheManagerTest">
<Test name="testGetCacheFileBaseDir" />
<Test name="testCacheTransaction" />
<Test name="testCacheFile" />
<Test name="testCacheDisabled" />
</TestCase>
<TestCase name="DateSorterTest">
<Test name="testConstructor" />
<Test name="testConstants" />
<Test name="testGetLabel" />
<Test name="testGetIndex" />
<Test name="testGetBoundary" />
<Test name="testAndroidTestCaseSetupProperly" />
</TestCase>
<TestCase name="MimeTypeMapTest">
<Test name="testGetFileExtensionFromUrl" />
<Test name="testHasMimeType" />
<Test name="testGetMimeTypeFromExtension" />
<Test name="testHasExtension" />
<Test name="testGetExtensionFromMimeType" />
<Test name="testGetSingleton" />
<Test name="testAndroidTestCaseSetupProperly" />
</TestCase>
</TestSuite>
</TestSuite>
</TestSuite>
</TestPackage>
