<?xml version="1.0" encoding="UTF-8"?>
<TestPackage appNameSpace="com.android.cts.widget" appPackageName="android.widget" name="CtsWidgetTestCases" runner="android.test.InstrumentationCtsTestRunner" targetBinaryName="CtsTestStubs" targetNameSpace="com.android.cts.stub" version="1.0">
<TestSuite name="android">
<TestSuite name="widget">
<TestSuite name="cts">
<TestCase name="ToastTest">
<Test name="testConstructor" />
<Test name="testShow" />
<Test name="testShowFailure" />
<Test name="testCancel" />
<Test name="testAccessView" />
<Test name="testAccessDuration" />
<Test name="testAccessMargin" />
<Test name="testAccessGravity" />
<Test name="testMakeText1" />
<Test name="testMakeText2" />
<Test name="testSetText1" />
<Test name="testSetText2" />
</TestCase>
<TestCase name="CompoundButtonTest">
<Test name="testConstructor" />
<Test name="testAccessChecked" />
<Test name="testSetOnCheckedChangeListener" />
<Test name="testToggle" />
<Test name="testPerformClick" />
<Test name="testDrawableStateChanged" />
<Test name="testSetButtonDrawableByDrawable" />
<Test name="testSetButtonDrawableById" />
<Test name="testOnCreateDrawableState" />
<Test name="testOnDraw" />
<Test name="testAccessInstanceState" />
<Test name="testVerifyDrawable" />
<Test name="testAndroidTestCaseSetupProperly" />
</TestCase>
<TestCase name="CheckBoxTest">
<Test name="testConstructor" />
<Test name="testAndroidTestCaseSetupProperly" />
</TestCase>
<TestCase name="ExpandableListViewTest">
<Test name="testConstructor" />
<Test name="testSetChildDivider" />
<Test name="testSetAdapter" />
<Test name="testGetAdapter" />
<Test name="testAccessExpandableListAdapter" />
<Test name="testPerformItemClick" />
<Test name="testSetOnItemClickListener" />
<Test name="testExpandGroup" />
<Test name="testCollapseGroup" />
<Test name="testSetOnGroupClickListener" />
<Test name="testSetOnChildClickListener" />
<Test name="testGetExpandableListPosition" />
<Test name="testGetFlatListPosition" />
<Test name="testGetSelectedPosition" />
<Test name="testGetSelectedId" />
<Test name="testSetSelectedGroup" />
<Test name="testSetSelectedChild" />
<Test name="testIsGroupExpanded" />
<Test name="testGetPackedPositionType" />
<Test name="testGetPackedPositionGroup" />
<Test name="testGetPackedPositionChild" />
<Test name="testGetPackedPositionForChild" />
<Test name="testGetPackedPositionForGroup" />
<Test name="testSetChildIndicator" />
<Test name="testSetChildIndicatorBounds" />
<Test name="testSetGroupIndicator" />
<Test name="testSetIndicatorBounds" />
<Test name="testOnSaveInstanceState" />
<Test name="testDispatchDraw" />
<Test name="testAndroidTestCaseSetupProperly" />
</TestCase>
<TestCase name="Gallery_LayoutParamsTest">
<Test name="testConstructor" />
<Test name="testAndroidTestCaseSetupProperly" />
</TestCase>
<TestCase name="MediaControllerTest">
<Test name="testConstructor" />
<Test name="testMediaController" />
<Test name="testShow" />
<Test name="testOnTrackballEvent" />
<Test name="testSetEnabled" />
<Test name="testSetPrevNextListeners" />
</TestCase>
<TestCase name="AbsoluteLayoutTest">
<Test name="testConstructor" />
<Test name="testOnMeasure" />
<Test name="testOnLayout" />
<Test name="testCheckLayoutParams" />
<Test name="testGenerateLayoutParams1" />
<Test name="testGenerateLayoutParams2" />
<Test name="testGenerateDefaultLayoutParams" />
</TestCase>
<TestCase name="TextViewTest">
<Test name="testConstructor" />
<Test name="testAccessText" />
<Test name="testGetLineHeight" />
<Test name="testGetLayout" />
<Test name="testAccessKeyListener" />
<Test name="testAccessMovementMethod" />
<Test name="testLength" />
<Test name="testAccessGravity" />
<Test name="testAccessAutoLinkMask" />
<Test name="testAccessTextSize" />
<Test name="testAccessTextColor" />
<Test name="testGetTextColor" />
<Test name="testSetHighlightColor" />
<Test name="testSetShadowLayer" />
<Test name="testSetSelectAllOnFocus" />
<Test name="testGetPaint" />
<Test name="testAccessLinksClickable" />
<Test name="testAccessHintTextColor" />
<Test name="testAccessLinkTextColor" />
<Test name="testAccessPaintFlags" />
<Test name="testHeightAndWidth" />
<Test name="testSetMinEms" />
<Test name="testSetMaxEms" />
<Test name="testSetEms" />
<Test name="testSetLineSpacing" />
<Test name="testInstanceState" />
<Test name="testAccessFreezesText" />
<Test name="testSetEditableFactory" />
<Test name="testSetSpannableFactory" />
<Test name="testTextChangedListener" />
<Test name="testSetTextKeepState1" />
<Test name="testGetEditableText" />
<Test name="testSetText2" />
<Test name="testSetText1" />
<Test name="testSetText3" />
<Test name="testSetText" />
<Test name="testAccessHint" />
<Test name="testAccessError" />
<Test name="testAccessFilters" />
<Test name="testGetFocusedRect" />
<Test name="testGetLineCount" />
<Test name="testGetLineBounds" />
<Test name="testGetBaseLine" />
<Test name="testPressKey" />
<Test name="testSetIncludeFontPadding" />
<Test name="testScroll" />
<Test name="testDebug" />
<Test name="testSelection" />
<Test name="testAccessEllipsize" />
<Test name="testSetCursorVisible" />
<Test name="testOnWindowFocusChanged" />
<Test name="testOnTouchEvent" />
<Test name="testOnTrackballEvent" />
<Test name="testGetTextColors" />
<Test name="testOnKeyShortcut" />
<Test name="testPerformLongClick" />
<Test name="testTextAttr" />
<Test name="testAppend" />
<Test name="testAccessTransformationMethod" />
<Test name="testCompound" />
<Test name="testSingleLine" />
<Test name="testSetMaxLines" />
<Test name="testSetMaxLinesException" />
<Test name="testSetMinLines" />
<Test name="testSetLines" />
<Test name="testSetLinesException" />
<Test name="testGetExtendedPaddingTop" />
<Test name="testGetExtendedPaddingBottom" />
<Test name="testGetTotalPaddingTop" />
<Test name="testGetTotalPaddingBottom" />
<Test name="testGetTotalPaddingLeft" />
<Test name="testGetTotalPaddingRight" />
<Test name="testGetUrls" />
<Test name="testSetPadding" />
<Test name="testSetTextAppearance" />
<Test name="testOnPreDraw" />
<Test name="testSetHorizontallyScrolling" />
<Test name="testComputeHorizontalScrollRange" />
<Test name="testComputeVerticalScrollRange" />
<Test name="testDrawableStateChanged" />
<Test name="testGetDefaultEditable" />
<Test name="testGetDefaultMovementMethod" />
<Test name="testOnCreateContextMenu" />
<Test name="testOnDetachedFromWindow" />
<Test name="testOnDraw" />
<Test name="testOnFocusChanged" />
<Test name="testOnMeasure" />
<Test name="testOnTextChanged" />
<Test name="testSetFrame" />
<Test name="testGetFadingEdgeStrength" />
<Test name="testMarquee" />
<Test name="testOnKeyMultiple" />
<Test name="testAccessInputExtras" />
<Test name="testAccessContentType" />
<Test name="testAccessRawContentType" />
<Test name="testOnPrivateIMECommand" />
<Test name="testFoo" />
<Test name="testVerifyDrawable" />
<Test name="testAccessPrivateImeOptions" />
<Test name="testSetOnEditorActionListener" />
<Test name="testAccessImeOptions" />
<Test name="testAccessImeActionLabel" />
<Test name="testSetExtractedText" />
<Test name="testMoveCursorToVisibleOffset" />
<Test name="testIsInputMethodTarget" />
<Test name="testBeginEndBatchEdit" />
<Test name="testBringPointIntoView" />
<Test name="testCancelLongPress" />
<Test name="testClearComposingText" />
<Test name="testComputeVerticalScrollExtent" />
<Test name="testDidTouchFocusSelect" />
<Test name="testExtractText" />
</TestCase>
<TestCase name="HorizontalScrollViewTest">
<Test name="testConstructor" />
<Test name="testGetMaxScrollAmount" />
<Test name="testAddView" />
<Test name="testAddViewWithIndex" />
<Test name="testAddViewWithLayoutParams" />
<Test name="testAddViewWithIndexAndLayoutParams" />
<Test name="testAccessFillViewport" />
<Test name="testAccessSmoothScrollingEnabled" />
<Test name="testMeasureChild" />
<Test name="testMeasureChildWithMargins" />
<Test name="testPageScroll" />
<Test name="testFullScroll" />
<Test name="testArrowScroll" />
<Test name="testSmoothScrollBy" />
<Test name="testSmoothScrollTo" />
<Test name="testComputeScrollDeltaToGetChildRectOnScreen" />
<Test name="testComputeHorizontalScrollRange" />
<Test name="testRequestChildFocus" />
<Test name="testRequestChildRectangleOnScreen" />
<Test name="testRequestLayout" />
<Test name="testFling" />
<Test name="testScrollTo" />
<Test name="testGetHorizontalFadingEdgeStrengths" />
<Test name="testOnLayout" />
<Test name="testOnMeasure" />
<Test name="testExecuteKeyEvent" />
<Test name="testOnRequestFocusInDescendants" />
<Test name="testOnSizeChanged" />
<Test name="testDispatchKeyEvent" />
<Test name="testOnInterceptTouchEvent" />
<Test name="testOnTouchEvent" />
<Test name="testComputeScroll" />
</TestCase>
<TestCase name="RemoteViewsActivityTest">
<Test name="testGood" />
<Test name="testDerivedClass" />
<Test name="testWebView" />
</TestCase>
<TestCase name="ChronometerTest">
<Test name="testConstructor" />
<Test name="testAccessBase" />
<Test name="testAccessFormat" />
<Test name="testFoo" />
<Test name="testStartAndStop" />
<Test name="testAccessOnChronometerTickListener" />
</TestCase>
<TestCase name="ExpandableListViewWithHeadersTest">
<Test name="testPreconditions" />
<Test name="testExpandOnFirstPosition" />
<Test name="testExpandOnFirstGroup" />
<Test name="testContextMenus" />
<Test name="testConvertionBetweenFlatAndPacked" />
<Test name="testSelectedPosition" />
</TestCase>
<TestCase name="ViewFlipperTest">
<Test name="testConstructor" />
<Test name="testSetFlipInterval" />
<Test name="testViewFlipper" />
<Test name="testActivityTestCaseSetUpProperly" />
</TestCase>
<TestCase name="ScrollerTest">
<Test name="testConstructor" />
<Test name="testIsFinished" />
<Test name="testGetDuration" />
<Test name="testAccessFinalX" />
<Test name="testAccessFinalY" />
<Test name="testScrollMode" />
<Test name="testScrollModeWithDefaultDuration" />
<Test name="testFlingMode" />
<Test name="testAbortAnimation" />
<Test name="testExtendDuration" />
<Test name="testTimePassed" />
</TestCase>
<TestCase name="ScrollViewTest">
<Test name="testConstructor" />
<Test name="testGetMaxScrollAmount" />
<Test name="testAddView" />
<Test name="testAddViewWithIndex" />
<Test name="testAddViewWithLayoutParams" />
<Test name="testAddViewWithIndexAndLayoutParams" />
<Test name="testAccessFillViewport" />
<Test name="testAccessSmoothScrollingEnabled" />
<Test name="testMeasureChild" />
<Test name="testMeasureChildWithMargins" />
<Test name="testPageScroll" />
<Test name="testFullScroll" />
<Test name="testArrowScroll" />
<Test name="testSmoothScrollBy" />
<Test name="testSmoothScrollTo" />
<Test name="testComputeScrollDeltaToGetChildRectOnScreen" />
<Test name="testComputeVerticalScrollRange" />
<Test name="testRequestChildFocus" />
<Test name="testRequestChildRectangleOnScreen" />
<Test name="testRequestLayout" />
<Test name="testFling" />
<Test name="testScrollTo" />
<Test name="testGetVerticalFadingEdgeStrengths" />
<Test name="testOnLayout" />
<Test name="testOnMeasure" />
<Test name="testExecuteKeyEvent" />
<Test name="testOnRequestFocusInDescendants" />
<Test name="testOnSizeChanged" />
<Test name="testDispatchKeyEvent" />
<Test name="testOnInterceptTouchEvent" />
<Test name="testOnTouchEvent" />
<Test name="testComputeScroll" />
</TestCase>
<TestCase name="PopupWindowTest">
<Test name="testConstructor" />
<Test name="testAccessBackground" />
<Test name="testAccessAnimationStyle" />
<Test name="testAccessContentView" />
<Test name="testAccessFocusable" />
<Test name="testAccessHeight" />
<Test name="testAccessWidth" />
<Test name="testShowAsDropDown" />
<Test name="testShowAtLocation" />
<Test name="testShowAsDropDownWithOffsets" />
<Test name="testGetMaxAvailableHeight" />
<Test name="testDismiss" />
<Test name="testSetOnDismissListener" />
<Test name="testUpdate" />
<Test name="testUpdatePositionAndDimension" />
<Test name="testUpdateDimensionAndAlignAnchorView" />
<Test name="testUpdateDimensionAndAlignAnchorViewWithOffsets" />
<Test name="testAccessInputMethodMode" />
<Test name="testAccessClippingEnabled" />
<Test name="testAccessOutsideTouchable" />
<Test name="testAccessTouchable" />
<Test name="testIsAboveAnchor" />
<Test name="testSetTouchInterceptor" />
<Test name="testSetWindowLayoutMode" />
</TestCase>
<TestCase name="CursorTreeAdapterTest">
<Test name="testConstructor" />
<Test name="testGetCursor" />
<Test name="testSetGroupCursor" />
<Test name="testSetChildrenCursor" />
<Test name="testChangeCursor" />
<Test name="testNotifyDataSetChangedBoolean" />
<Test name="testNotifyDataSetChanged" />
<Test name="testNotifyDataSetInvalidated" />
<Test name="testOnGroupCollapsed" />
<Test name="testHasStableIds" />
<Test name="testIsChildSelectable" />
<Test name="testConvertToString" />
<Test name="testGetFilter" />
<Test name="testAccessQueryProvider" />
<Test name="testRunQueryOnBackgroundThread" />
<Test name="testGetGroup" />
<Test name="testGetGroupCount" />
<Test name="testGetGroupId" />
<Test name="testGetGroupView" />
<Test name="testGetChild" />
<Test name="testGetChildId" />
<Test name="testGetChildrenCount" />
<Test name="testGetChildView" />
<Test name="testAndroidTestCaseSetupProperly" />
</TestCase>
<TestCase name="TabHost_TabSpecTest">
<Test name="testSetIndicator1" />
<Test name="testSetIndicator2" />
<Test name="testSetContent1" />
<Test name="testSetContent2" />
<Test name="testSetContent3" />
</TestCase>
<TestCase name="RemoteViews_ActionExceptionTest">
<Test name="testConstructor" />
</TestCase>
<TestCase name="ImageSwitcherTest">
<Test name="testConstructor" />
<Test name="testSetImageResource" />
<Test name="testSetImageURI" />
<Test name="testSetImageDrawable" />
<Test name="testAndroidTestCaseSetupProperly" />
</TestCase>
<TestCase name="DigitalClockTest">
<Test name="testConstructor" />
<Test name="testOnDetachedFromWindow" />
<Test name="testOnAttachedToWindow" />
<Test name="testActivityTestCaseSetUpProperly" />
</TestCase>
<TestCase name="RadioGroupTest">
<Test name="testConstructors" />
<Test name="testSetOnHierarchyChangeListener" />
<Test name="testInternalPassThroughHierarchyChangeListener" />
<Test name="testInternalCheckedStateTracker" />
<Test name="testGetCheckedRadioButtonId" />
<Test name="testClearCheck" />
<Test name="testCheck" />
<Test name="testSetOnCheckedChangeListener" />
<Test name="testGenerateLayoutParams" />
<Test name="testCheckLayoutParams" />
<Test name="testGenerateDefaultLayoutParams" />
<Test name="testOnFinishInflate" />
<Test name="testAddView" />
</TestCase>
<TestCase name="TabWidgetTest">
<Test name="testConstructor" />
<Test name="testChildDrawableStateChanged" />
<Test name="testDispatchDraw" />
<Test name="testSetCurrentTab" />
<Test name="testFocusCurrentTab" />
<Test name="testSetEnabled" />
<Test name="testAddView" />
<Test name="testOnFocusChange" />
<Test name="testOnSizeChanged" />
</TestCase>
<TestCase name="TwoLineListItemTest">
<Test name="testConstructor" />
<Test name="testGetTexts" />
<Test name="testOnFinishInflate" />
<Test name="testActivityTestCaseSetUpProperly" />
</TestCase>
<TestCase name="ExpandableListViewBasicTest">
<Test name="testPreconditions" />
<Test name="testExpandGroup" />
<Test name="testCollapseGroup" />
<Test name="testExpandedGroupMovement" />
<Test name="testContextMenus" />
<Test name="testConvertionBetweenFlatAndPacked" />
<Test name="testSelectedPosition" />
</TestCase>
<TestCase name="FrameLayoutTest">
<Test name="testConstructor" />
<Test name="testSetForegroundGravity" />
<Test name="testGatherTransparentRegion" />
<Test name="testAccessMeasureAllChildren" />
<Test name="testGenerateLayoutParams1" />
<Test name="testGenerateLayoutParams2" />
<Test name="testCheckLayoutParams" />
<Test name="testDrawableStateChanged" />
<Test name="testGenerateDefaultLayoutParams" />
<Test name="testOnLayout" />
<Test name="testOnMeasure" />
<Test name="testOnSizeChanged" />
<Test name="testVerifyDrawable" />
</TestCase>
<TestCase name="LinearLayout_LayoutParamsTest">
<Test name="testConstructor" />
<Test name="testDebug" />
<Test name="testAndroidTestCaseSetupProperly" />
</TestCase>
<TestCase name="ResourceCursorAdapterTest">
<Test name="testConstructor" />
<Test name="testSetViewResource" />
<Test name="testSetDropDownViewResource" />
<Test name="testNewDropDownView" />
<Test name="testNewView" />
</TestCase>
<TestCase name="ResourceCursorTreeAdapterTest">
<Test name="testConstructor" />
<Test name="testNewChildView" />
<Test name="testNewGroupView" />
</TestCase>
<TestCase name="ViewSwitcherTest">
<Test name="testConstructor" />
<Test name="testSetFactory" />
<Test name="testReset" />
<Test name="testGetNextView" />
<Test name="testAndroidTestCaseSetupProperly" />
</TestCase>
<TestCase name="TimePickerTest">
<Test name="testConstructors" />
<Test name="testSetEnabled" />
<Test name="testSetOnTimeChangedListener" />
<Test name="testAccessCurrentHour" />
<Test name="testAccessIs24HourView" />
<Test name="testAccessCurrentMinute" />
<Test name="testGetBaseline" />
<Test name="testOnSaveInstanceStateAndOnRestoreInstanceState" />
</TestCase>
<TestCase name="MultiAutoCompleteTextViewTest">
<Test name="testConstructor" />
<Test name="testMultiAutoCompleteTextView" />
<Test name="testPerformValidation" />
<Test name="testPerformFiltering" />
<Test name="testReplaceText" />
</TestCase>
<TestCase name="MultiAutoCompleteTextView_CommaTokenizerTest">
<Test name="testConstructor" />
<Test name="testFindTokenStart" />
<Test name="testFindTokenEnd" />
<Test name="testTerminateToken" />
</TestCase>
<TestCase name="AbsoluteLayout_LayoutParamsTest">
<Test name="testConstructor" />
<Test name="testDebug" />
<Test name="testAndroidTestCaseSetupProperly" />
</TestCase>
<TestCase name="AutoCompleteTextViewTest">
<Test name="testConstructor" />
<Test name="testEnoughToFilter" />
<Test name="testAccessAdapter" />
<Test name="testAccessItemClickListener" />
<Test name="testAccessItemSelectedListener" />
<Test name="testConvertSelectionToString" />
<Test name="testOnTextChanged" />
<Test name="testPopupWindow" />
<Test name="testReplaceText" />
<Test name="testSetFrame" />
<Test name="testGetThreshold" />
<Test name="testAccessValidater" />
<Test name="testOnFilterComplete" />
<Test name="testPerformFiltering" />
<Test name="testPerformCompletion" />
<Test name="testPerformValidation" />
<Test name="testSetCompletionHint" />
<Test name="testOnAttachedToWindow" />
<Test name="testOnCommitCompletion" />
<Test name="testOnDetachedFromWindow" />
<Test name="testOnKeyPreIme" />
<Test name="testAccessListSelection" />
<Test name="testAccessDropDownAnchor" />
<Test name="testAccessDropDownWidth" />
</TestCase>
<TestCase name="LinearLayoutTest">
<Test name="testConstructor" />
<Test name="testAccessBaselineAligned" />
<Test name="testGetBaseline" />
<Test name="testAccessBaselineAlignedChildIndex" />
<Test name="testAccessWeightSum" />
<Test name="testGenerateLayoutParams" />
<Test name="testCheckLayoutParams" />
<Test name="testGenerateDefaultLayoutParams" />
<Test name="testLayoutHorizontal" />
<Test name="testLayoutVertical" />
<Test name="testActivityTestCaseSetUpProperly" />
</TestCase>
<TestCase name="HeaderViewListAdapterTest">
<Test name="testConstructor" />
<Test name="testGetHeadersCount" />
<Test name="testGetFootersCount" />
<Test name="testIsEmpty" />
<Test name="testRemoveHeader" />
<Test name="testRemoveFooter" />
<Test name="testGetCount" />
<Test name="testAreAllItemsEnabled" />
<Test name="testIsEnabled" />
<Test name="testGetItem" />
<Test name="testGetItemId" />
<Test name="testHasStableIds" />
<Test name="testGetView" />
<Test name="testGetItemViewType" />
<Test name="testGetViewTypeCount" />
<Test name="testRegisterDataSetObserver" />
<Test name="testUnregisterDataSetObserver" />
<Test name="testGetFilter" />
<Test name="testGetWrappedAdapter" />
<Test name="testAndroidTestCaseSetupProperly" />
</TestCase>
<TestCase name="EditTextTest">
<Test name="testConstructor" />
<Test name="testAccessText" />
<Test name="testSetSelectionIndex" />
<Test name="testSetSelectionStartstop" />
<Test name="testSelectAll" />
<Test name="testExtendSelection" />
<Test name="testGetDefaultEditable" />
<Test name="testGetDefaultMovementMethod" />
<Test name="testSetEllipsize" />
<Test name="testAndroidTestCaseSetupProperly" />
</TestCase>
<TestCase name="AdapterView_AdapterContextMenuInfoTest">
<Test name="testConstructor" />
<Test name="testAndroidTestCaseSetupProperly" />
</TestCase>
<TestCase name="FilterTest">
<Test name="testConstructor" />
<Test name="testConvertResultToString" />
<Test name="testFilter1" />
<Test name="testFilter2" />
</TestCase>
<TestCase name="ButtonTest">
<Test name="testConstructor" />
<Test name="testAndroidTestCaseSetupProperly" />
</TestCase>
<TestCase name="ExpandableListView_ExpandableListContextMenuInfoTest">
<Test name="testConstructor" />
<Test name="testAndroidTestCaseSetupProperly" />
</TestCase>
<TestCase name="TableRowTest">
<Test name="testConstructor" />
<Test name="testSetOnHierarchyChangeListener" />
<Test name="testGetVirtualChildAt" />
<Test name="testGetVirtualChildCount" />
<Test name="testGenerateLayoutParams" />
<Test name="testCheckLayoutParams" />
<Test name="testGenerateDefaultLayoutParams" />
<Test name="testGenerateLayoutParams2" />
<Test name="testOnLayout" />
<Test name="testOnMeasure" />
</TestCase>
<TestCase name="SeekBarTest">
<Test name="testConstructor" />
<Test name="testSetOnSeekBarChangeListener" />
</TestCase>
<TestCase name="BaseExpandableListAdapterTest">
<Test name="testAreAllItemsEnabled" />
<Test name="testGetCombinedId" />
<Test name="testIsEmpty" />
<Test name="testNotifyDataSetChanged" />
<Test name="testNotifyDataSetInvalidated" />
<Test name="testOnGroupCollapsed" />
<Test name="testOnGroupExpanded" />
<Test name="testDataSetObserver" />
</TestCase>
<TestCase name="ToggleButtonTest">
<Test name="testConstructor" />
<Test name="testAccessTextOff" />
<Test name="testDrawableStateChanged" />
<Test name="testOnFinishInflate" />
<Test name="testSetChecked" />
<Test name="testToggleText" />
<Test name="testSetBackgroundDrawable" />
<Test name="testAccessTextOn" />
<Test name="testAndroidTestCaseSetupProperly" />
</TestCase>
<TestCase name="RatingBarTest">
<Test name="testConstructor" />
<Test name="testAccessOnRatingBarChangeListener" />
<Test name="testAccessIndicator" />
<Test name="testAccessNumStars" />
<Test name="testAccessRating" />
<Test name="testSetMax" />
<Test name="testAccessStepSize" />
</TestCase>
<TestCase name="TextSwitcherTest">
<Test name="testConstructor" />
<Test name="testSetText" />
<Test name="testSetCurrentText" />
<Test name="testAddView" />
</TestCase>
<TestCase name="SimpleExpandableListAdapterTest">
<Test name="testConstructor" />
<Test name="testGetChild" />
<Test name="testGetChildId" />
<Test name="testGetChildView" />
<Test name="testNewChildView" />
<Test name="testGetChildrenCount" />
<Test name="testGetGroup" />
<Test name="testGetGroupCount" />
<Test name="testGetGroupId" />
<Test name="testGetGroupView" />
<Test name="testNewGroupView" />
<Test name="testIsChildSelectable" />
<Test name="testHasStableIds" />
</TestCase>
<TestCase name="AbsListView_LayoutParamsTest">
<Test name="testConstructors" />
<Test name="testAndroidTestCaseSetupProperly" />
</TestCase>
<TestCase name="RadioButtonTest">
<Test name="testConstructor" />
<Test name="testToggle" />
</TestCase>
<TestCase name="SimpleAdapterTest">
<Test name="testConstructor" />
<Test name="testGetCount" />
<Test name="testGetItem" />
<Test name="testGetItemId" />
<Test name="testGetView" />
<Test name="testSetDropDownViewResource" />
<Test name="testGetDropDownView" />
<Test name="testAccessViewBinder" />
<Test name="testSetViewImage" />
<Test name="testSetViewText" />
<Test name="testGetFilter" />
</TestCase>
<TestCase name="TabHostTest">
<Test name="testConstructor" />
<Test name="testNewTabSpec" />
<Test name="testSetup1" />
<Test name="testSetup2" />
<Test name="testOnTouchModeChanged" />
<Test name="testAddTab" />
<Test name="testClearAllTabs" />
<Test name="testGetTabWidget" />
<Test name="testAccessCurrentTab" />
<Test name="testGetCurrentTabView" />
<Test name="testGetCurrentView" />
<Test name="testSetCurrentTabByTag" />
<Test name="testGetTabContentView" />
<Test name="testDispatchKeyEvent" />
<Test name="testDispatchWindowFocusChanged" />
<Test name="testSetOnTabChangedListener" />
<Test name="testGetCurrentTabTag" />
<Test name="testOnAttachedToAndDetachedFromWindow" />
</TestCase>
<TestCase name="DialerFilterTest">
<Test name="testConstructor" />
<Test name="testIsQwertyKeyboard" />
<Test name="testOnKeyUpDown" />
<Test name="testAccessMode" />
<Test name="testGetLetters" />
<Test name="testGetDigits" />
<Test name="testGetFilterText" />
<Test name="testAppend" />
<Test name="testClearText" />
<Test name="testSetLettersWatcher" />
<Test name="testSetDigitsWatcher" />
<Test name="testSetFilterWatcher" />
<Test name="testRemoveFilterWatcher" />
<Test name="testOnFinishInflate" />
<Test name="testOnFocusChanged" />
<Test name="testOnModechange" />
</TestCase>
<TestCase name="ProgressBarTest">
<Test name="testConstructor" />
<Test name="testSetIndeterminate" />
<Test name="testAccessIndeterminateDrawable" />
<Test name="testAccessProgressDrawable" />
<Test name="testAccessProgress" />
<Test name="testAccessSecondaryProgress" />
<Test name="testIncrementProgressBy" />
<Test name="testIncrementSecondaryProgressBy" />
<Test name="testAccessInterpolator" />
<Test name="testSetVisibility" />
<Test name="testInvalidateDrawable" />
<Test name="testPostInvalidate" />
<Test name="testAccessMax" />
<Test name="testOnDraw" />
<Test name="testOnMeasure" />
<Test name="testOnSizeChange" />
<Test name="testVerifyDrawable" />
<Test name="testDrawableStateChanged" />
<Test name="testOnSaveAndRestoreInstanceState" />
</TestCase>
<TestCase name="RelativeLayoutTest">
<Test name="testConstructor" />
<Test name="testSetIgnoreGravity" />
<Test name="testSetGravity" />
<Test name="testSetHorizontalGravity" />
<Test name="testSetVerticalGravity" />
<Test name="testGetBaseline" />
<Test name="testGenerateLayoutParams1" />
<Test name="testGenerateLayoutParams2" />
<Test name="testGenerateDefaultLayoutParams" />
<Test name="testOnMeasure" />
<Test name="testOnLayout" />
<Test name="testCheckLayoutParams" />
</TestCase>
<TestCase name="ZoomButtonTest">
<Test name="testConstructor" />
<Test name="testSetEnabled" />
<Test name="testDispatchUnhandledMove" />
<Test name="testOnLongClick" />
<Test name="testOnTouchEvent" />
<Test name="testOnKeyUp" />
<Test name="testSetZoomSpeed" />
</TestCase>
<TestCase name="TableRow_LayoutParamsTest">
<Test name="testConstructor" />
<Test name="testSetBaseAttributes" />
</TestCase>
<TestCase name="AbsSeekBarTest">
<Test name="testConstructor" />
<Test name="testAccessThumbOffset" />
<Test name="testSetThumb" />
<Test name="testDrawableStateChanged" />
<Test name="testVerifyDrawable" />
<Test name="testAccessKeyProgressIncrement" />
<Test name="testSetMax" />
<Test name="testFoo" />
</TestCase>
<TestCase name="RemoteViewsTest">
<Test name="testConstructor" />
<Test name="testGetPackage" />
<Test name="testGetLayoutId" />
<Test name="testSetViewVisibility" />
<Test name="testSetTextViewText" />
<Test name="testSetImageViewResource" />
<Test name="testSetImageViewUri" />
<Test name="testSetChronometer" />
<Test name="testSetProgressBar" />
<Test name="testApply" />
<Test name="testReapply" />
<Test name="testOnLoadClass" />
<Test name="testDescribeContents" />
<Test name="testWriteToParcel" />
<Test name="testSetImageViewBitmap" />
<Test name="testSetBitmap" />
<Test name="testSetBoolean" />
<Test name="testSetCharSequence" />
<Test name="testSetInt" />
<Test name="testSetString" />
<Test name="testSetUri" />
<Test name="testSetTextColor" />
<Test name="testSetOnClickPendingIntent" />
<Test name="testSetLong" />
<Test name="testSetFloat" />
<Test name="testNotFeasibleSetters" />
</TestCase>
<TestCase name="TableLayoutTest">
<Test name="testConstructor" />
<Test name="testSetOnHierarchyChangeListener" />
<Test name="testRequestLayout" />
<Test name="testAccessShrinkAllColumns" />
<Test name="testAccessStretchAllColumns" />
<Test name="testAccessColumnCollapsed" />
<Test name="testAccessColumnStretchable" />
<Test name="testColumnStretchableEffect" />
<Test name="testAccessColumnShrinkable" />
<Test name="testAddView1" />
<Test name="testAddView2" />
<Test name="testAddView3" />
<Test name="testAddView4" />
<Test name="testGenerateLayoutParams1" />
<Test name="testCheckLayoutParams" />
<Test name="testGenerateDefaultLayoutParams" />
<Test name="testGenerateLayoutParams2" />
<Test name="testOnLayout" />
<Test name="testOnMeasure" />
</TestCase>
<TestCase name="ZoomControlsTest">
<Test name="testConstructor" />
<Test name="testSetOnZoomInClickListener" />
<Test name="testSetOnZoomOutClickListener" />
<Test name="testSetZoomSpeed" />
<Test name="testOnTouchEvent" />
<Test name="testShowAndHide" />
<Test name="testSetIsZoomInEnabled" />
<Test name="testSetIsZoomOutEnabled" />
<Test name="testHasFocus" />
</TestCase>
<TestCase name="CheckedTextViewTest">
<Test name="testConstructor" />
<Test name="testChecked" />
<Test name="testToggle" />
<Test name="testDrawableStateChanged" />
<Test name="testSetPadding" />
<Test name="testSetCheckMarkDrawableByDrawable" />
<Test name="testSetCheckMarkDrawableById" />
<Test name="testOnDraw" />
<Test name="testOnCreateDrawableState" />
</TestCase>
<TestCase name="SlidingDrawerTest">
<Test name="testConstructor" />
<Test name="testGetHandle" />
<Test name="testGetContent" />
<Test name="testOpenAndClose" />
<Test name="testAnimateOpenAndClose" />
<Test name="testAnimateToggle" />
<Test name="testToggle" />
<Test name="testLockAndUnlock" />
<Test name="testSetOnDrawerOpenListener" />
<Test name="testSetOnDrawerCloseListener" />
<Test name="testSetOnDrawerScrollListener" />
<Test name="testOnLayout" />
<Test name="testOnMeasure" />
<Test name="testOnFinishInflate" />
<Test name="testDispatchDraw" />
<Test name="testOnInterceptTouchEvent" />
<Test name="testOnTouchEvent" />
</TestCase>
<TestCase name="AdapterViewTest">
<Test name="testConstructor" />
<Test name="testUnsupportedMethods" />
<Test name="testGetCount" />
<Test name="testAccessEmptyView" />
<Test name="testAccessVisiblePosition" />
<Test name="testItemOrItemIdAtPosition" />
<Test name="testAccessOnItemClickAndLongClickListener" />
<Test name="testAccessOnItemSelectedListener" />
<Test name="testGetPositionForView" />
<Test name="testChangeFocusable" />
<Test name="testOnLayout" />
<Test name="testGetSelected" />
<Test name="testDispatchSaveInstanceState" />
<Test name="testDispatchRestoreInstanceState" />
<Test name="testCanAnimate" />
</TestCase>
<TestCase name="RadioGroup_LayoutParamsTest">
<Test name="testConstructor" />
<Test name="testSetBaseAttributes" />
<Test name="testAndroidTestCaseSetupProperly" />
</TestCase>
<TestCase name="GridViewTest">
<Test name="testConstructor" />
<Test name="testAccessAdapter" />
<Test name="testSetSelection" />
<Test name="testPressKey" />
<Test name="testSetGravity" />
<Test name="testSetHorizontalSpacing" />
<Test name="testSetVerticalSpacing" />
<Test name="testAccessStretchMode" />
<Test name="testSetNumColumns" />
<Test name="testGetNumColumns" />
<Test name="testAttachLayoutAnimationParameters" />
<Test name="testLayoutChildren" />
<Test name="testOnFocusChanged" />
<Test name="testOnMeasure" />
<Test name="testSetColumnWidth" />
<Test name="testActivityTestCaseSetUpProperly" />
</TestCase>
<TestCase name="BaseAdapterTest">
<Test name="testHasStableIds" />
<Test name="testDataSetObserver" />
<Test name="testNotifyDataSetInvalidated" />
<Test name="testAreAllItemsEnabled" />
<Test name="testIsEnabled" />
<Test name="testGetDropDownView" />
<Test name="testGetItemViewType" />
<Test name="testGetViewTypeCount" />
<Test name="testIsEmpty" />
<Test name="testAndroidTestCaseSetupProperly" />
</TestCase>
<TestCase name="CursorAdapterTest">
<Test name="testConstructor" />
<Test name="testInit" />
<Test name="testGetCount" />
<Test name="testAccessCursor" />
<Test name="testConvertToString" />
<Test name="testHasStableIds" />
<Test name="testGetView" />
<Test name="testNewDropDownView" />
<Test name="testGetDropDownView" />
<Test name="testGetFilter" />
<Test name="testGetItem" />
<Test name="testGetItemId" />
<Test name="testAccessFilterQueryProvider" />
<Test name="testRunQueryOnBackgroundThread" />
<Test name="testOnContentChanged" />
<Test name="testAndroidTestCaseSetupProperly" />
</TestCase>
<TestCase name="TableLayout_LayoutParamsTest">
<Test name="testConstructor" />
<Test name="testSetBaseAttributes" />
</TestCase>
<TestCase name="FrameLayout_LayoutParamsTest">
<Test name="testConstructor" />
<Test name="testAndroidTestCaseSetupProperly" />
</TestCase>
<TestCase name="AbsSpinnerTest">
<Test name="testConstructor" />
<Test name="testSetSelectionIntBoolean" />
<Test name="testSetSelectionInt" />
<Test name="testAccessAdapter" />
<Test name="testRequestLayout" />
<Test name="testGetCount" />
<Test name="testPointToPosition" />
<Test name="testGetSelectedView" />
<Test name="testOnSaveAndRestoreInstanceState" />
<Test name="testGenerateDefaultLayoutParams" />
<Test name="testOnMeasure" />
</TestCase>
<TestCase name="RelativeLayout_LayoutParamsTest">
<Test name="testConstructor" />
<Test name="testAccessRule1" />
<Test name="testAccessRule2" />
<Test name="testDebug" />
</TestCase>
<TestCase name="AnalogClockTest">
<Test name="testConstructor" />
<Test name="testOnMeasure" />
<Test name="testOnSizeChanged" />
<Test name="testOnDraw" />
<Test name="testOnDetachedFromWindow" />
<Test name="testOnAttachedToWindow" />
</TestCase>
<TestCase name="ImageViewTest">
<Test name="testConstructor" />
<Test name="testInvalidateDrawable" />
<Test name="testSetAdjustViewBounds" />
<Test name="testSetMaxWidth" />
<Test name="testSetMaxHeight" />
<Test name="testGetDrawable" />
<Test name="testSetImageResource" />
<Test name="testSetImageURI" />
<Test name="testSetImageDrawable" />
<Test name="testSetImageBitmap" />
<Test name="testSetImageState" />
<Test name="testSetSelected" />
<Test name="testSetImageLevel" />
<Test name="testAccessScaleType" />
<Test name="testAccessImageMatrix" />
<Test name="testGetBaseline" />
<Test name="testSetColorFilter1" />
<Test name="testClearColorFilter" />
<Test name="testSetColorFilter2" />
<Test name="testSetAlpha" />
<Test name="testDrawableStateChanged" />
<Test name="testOnCreateDrawableState" />
<Test name="testOnDraw" />
<Test name="testOnMeasure" />
<Test name="testSetFrame" />
<Test name="testVerifyDrawable" />
<Test name="testActivityTestCaseSetUpProperly" />
</TestCase>
<TestCase name="AlphabetIndexerTest">
<Test name="testAlphabetIndexer" />
<Test name="testCompare" />
<Test name="testAndroidTestCaseSetupProperly" />
</TestCase>
<TestCase name="GalleryTest">
<Test name="testConstructor" />
<Test name="testSetAnimationDuration" />
<Test name="testSetSpacing" />
<Test name="testSetUnselectedAlpha" />
<Test name="testGenerateLayoutParams" />
<Test name="testFoo" />
<Test name="testShowContextMenuForChild" />
<Test name="testShowContextMenu" />
<Test name="testDispatchKeyEvent" />
<Test name="testSetGravity" />
<Test name="testCheckLayoutParams" />
<Test name="testComputeHorizontalScrollExtent" />
<Test name="testComputeHorizontalScrollOffset" />
<Test name="testComputeHorizontalScrollRange" />
<Test name="testDispatchSetPressed" />
<Test name="testGenerateDefaultLayoutParams" />
<Test name="testGetChildDrawingOrder" />
<Test name="testGetContextMenuInfo" />
</TestCase>
<TestCase name="SimpleCursorTreeAdapterTest">
<Test name="testConstructor" />
<Test name="testBindChildView" />
<Test name="testBindGroupView" />
<Test name="testSetViewImage" />
</TestCase>
<TestCase name="SimpleCursorAdapterTest">
<Test name="testConstructor" />
<Test name="testBindView" />
<Test name="testAccessViewBinder" />
<Test name="testSetViewText" />
<Test name="testSetViewImage" />
<Test name="testAccessStringConversionColumn" />
<Test name="testAccessCursorToStringConverter" />
<Test name="testChangeCursor" />
<Test name="testConvertToString" />
<Test name="testNewView" />
<Test name="testNewDropDownView" />
<Test name="testChangeCursorAndColumns" />
</TestCase>
<TestCase name="ImageButtonTest">
<Test name="testConstructor" />
<Test name="testOnSetAlpha" />
<Test name="testAndroidTestCaseSetupProperly" />
</TestCase>
<TestCase name="SpinnerTest">
<Test name="testConstructor" />
<Test name="testGetBaseline" />
<Test name="testSetOnItemClickListener" />
<Test name="testPerformClick" />
<Test name="testOnClick" />
<Test name="testAccessPrompt" />
<Test name="testsetPromptId" />
<Test name="testOnLayout" />
</TestCase>
<TestCase name="ViewAnimatorTest">
<Test name="testConstructor" />
<Test name="testAccessInAnimation" />
<Test name="testShowNext" />
<Test name="testSetAnimateFirstView" />
<Test name="testAccessDisplayedChild" />
<Test name="testAccessDisplayedChildBoundary" />
<Test name="testGetBaseline" />
<Test name="testShowPrevious" />
<Test name="testGetCurrentView" />
<Test name="testAddView" />
<Test name="testAccessOutAnimation" />
<Test name="testRemoveViews" />
</TestCase>
<TestCase name="AbsListViewTest">
<Test name="testConstructor" />
<Test name="testAccessFastScrollEnabled" />
<Test name="testAccessSmoothScrollbarEnabled" />
<Test name="testAccessScrollingCacheEnabled" />
<Test name="testSetOnScrollListener" />
<Test name="testGetFocusedRect" />
<Test name="testAccessStackFromBottom" />
<Test name="testAccessSelectedItem" />
<Test name="testAccessListPadding" />
<Test name="testAccessSelector" />
<Test name="testSetScrollIndicators" />
<Test name="testShowContextMenuForChild" />
<Test name="testPointToPosition" />
<Test name="testDraw" />
<Test name="testSetRecyclerListener" />
<Test name="testAccessCacheColorHint" />
<Test name="testAccessTranscriptMode" />
<Test name="testCheckLayoutParams" />
<Test name="testComputeVerticalScrollValues" />
<Test name="testGenerateLayoutParams" />
<Test name="testBeforeAndAfterTextChanged" />
<Test name="testAddTouchables" />
<Test name="testInvalidateViews" />
<Test name="testGetContextMenuInfo" />
<Test name="testGetTopBottomFadingEdgeStrength" />
<Test name="testHandleDataChanged" />
<Test name="testSetFilterText" />
<Test name="testLayoutChildren" />
<Test name="testFoo" />
</TestCase>
<TestCase name="DatePickerTest">
<Test name="testConstructor" />
<Test name="testSetEnabled" />
<Test name="testInit" />
<Test name="testAccessDate" />
<Test name="testUpdateDate" />
<Test name="testOnSaveInstanceState" />
<Test name="testAndroidTestCaseSetupProperly" />
</TestCase>
<TestCase name="ListViewTest">
<Test name="testConstructor" />
<Test name="testGetMaxScrollAmount" />
<Test name="testAccessDividerHeight" />
<Test name="testAccessItemsCanFocus" />
<Test name="testAccessAdapter" />
<Test name="testAccessItemChecked" />
<Test name="testAccessFooterView" />
<Test name="testAccessHeaderView" />
<Test name="testAccessDivider" />
<Test name="testSetSelection" />
<Test name="testOnKeyUpDown" />
<Test name="testPerformItemClick" />
<Test name="testSaveAndRestoreInstanceState" />
<Test name="testDispatchKeyEvent" />
<Test name="testRequestChildRectangleOnScreen" />
<Test name="testOnTouchEvent" />
<Test name="testCanAnimate" />
<Test name="testDispatchDraw" />
<Test name="testFindViewTraversal" />
<Test name="testFindViewWithTagTraversal" />
<Test name="testLayoutChildren" />
<Test name="testOnFinishInflate" />
<Test name="testOnFocusChanged" />
<Test name="testOnMeasure" />
<Test name="testRequestLayout" />
<Test name="testNoSelectableItems" />
</TestCase>
<TestCase name="ArrayAdapterTest">
<Test name="testConstructor" />
<Test name="testDataChangeEvent" />
<Test name="testAccessView" />
<Test name="testGetFilter" />
<Test name="testSetDropDownViewResouce" />
<Test name="testInsert" />
<Test name="testGetItem" />
<Test name="testGetItemId" />
<Test name="testGetPosition" />
<Test name="testRemove" />
<Test name="testCreateFromResource" />
<Test name="testSort" />
<Test name="testAdd" />
<Test name="testAddAllCollection" />
<Test name="testAddAllParams" />
<Test name="testAndroidTestCaseSetupProperly" />
</TestCase>
<TestCase name="VideoViewTest">
<Test name="testConstructor" />
<Test name="testPlayVideo1" />
<Test name="testSetOnErrorListener" />
<Test name="testGetBufferPercentage" />
<Test name="testResolveAdjustedSize" />
<Test name="testGetDuration" />
<Test name="testSetMediaController" />
</TestCase>
<TestCase name="TextView_SaveStateTest">
<Test name="testToString" />
<Test name="testWriteToParcel" />
</TestCase>
</TestSuite>
</TestSuite>
</TestSuite>
</TestPackage>
