<?xml version="1.0" encoding="UTF-8"?>
<TestPackage appPackageName="android.nativemedia.sl" name="NativeMediaTest_SL" testType="native" version="1.0">
<TestSuite name="android">
<TestSuite name="nativemedia">
<TestSuite name="sl">
<TestCase name="SLObjectCreationTest">
<Test name="testEngineCreation" />
<Test name="testOutputMixCreation" />
<Test name="testAudioPlayerFromUriCreation" />
<Test name="testAudioPlayerFromFdCreation" />
<Test name="testAudioPlayerFromPcmBqCreation" />
<Test name="testAudioPlayerFromTsAbqCreation" />
<Test name="testAudioPlayerFromUriToPcmBqCreation" />
<Test name="testAudioPlayerFromFdToPcmBqCreation" />
<Test name="testAudioPlayerFromAdtsAbqToPcmBqCreation" />
<Test name="testAudioRecorderCreation" expectation="failure" />
</TestCase>
</TestSuite>
</TestSuite>
</TestSuite>
</TestPackage>
