<?xml version='1.0' encoding='UTF-8' standalone='no' ?><?xml-stylesheet type="text/xsl"  href="cts_result.xsl"?>
<TestResult testPlan="NA" starttime="Mon Jun 17 16:43:53 CST 2013" endtime="Mon Jun 17 17:24:08 CST 2013" version="1.13">
  <DeviceInfo>
    <Screen resolution="480x800" screen_density="1.5" screen_density_bucket="hdpi" screen_size="normal" />
    <PhoneSubInfo subscriberId="null" />
    <BuildInfo buildID="90-4AJ11-J-0100-0002-00-M1-061413" Ydpi="213.89473" deviceID="none" build_manufacturer="Motorola Solutions" build_device="MC40" build_fingerprint="Android/MC40/MC40:4.1.1/90-4AJ11-J-0100-0002-00-M1-061413/:user/test-keys" build_type="user" build_board="MC40" build_brand="Android" network="" buildName="MC40" build_model="MC40N0" keypad="nokeys" buildVersion="4.1.1" Xdpi="213.89473" openGlEsVersion="2.0" partitions="Filesystem             Size   Used   Free   Blksize;/dev                   326M    32K   326M   4096;/mnt/secure            326M     0K   326M   4096;/mnt/asec              326M     0K   326M   4096;/mnt/obb               326M     0K   326M   4096;/system                503M   223M   279M   4096;/data                    4G   147M     4G   4096;/cache                 251M     4M   247M   4096;/factory                15M     4M    11M   4096;/storage/sdcard          1G   155M     1G   4096;/enterprise            125M     4M   121M   4096;" imei="null" androidPlatformVersion="16" build_abi="armeabi-v7a" touch="finger" navigation="nonav" locales="en_US;ca;da;fa;ja;nb;de;af;bg;th;fi;hi;vi;sk;uk;el;nl;pl;sl;tl;am;rm;in;ko;ro;ar;fr;hr;sr;tr;cs;es;ms;it;lt;pt;hu;ru;zu;lv;sv;iw;sw;en_CA;uk_UA;en_GB;in_ID;de_DE;ar_EG;en_SG;th_TH;fi_FI;sl_SI;sk_SK;zh_CN;hi_IN;vi_VN;ro_RO;ja_JP;fr_FR;hr_HR;ca_ES;es_ES;sr_RS;en_US;es_US;it_IT;lt_LT;pt_PT;en_AU;hu_HU;lv_LV;zh_TW;en_NZ;fr_CA;af_ZA;zu_ZA;nl_BE;fr_BE;sv_SE;bg_BG;de_CH;rm_CH;fr_CH;it_CH;tl_PH;de_LI;da_DK;iw_IL;nl_NL;pl_PL;nb_NO;pt_BR;el_GR;fa_IR;ko_KR;tr_TR;de_AT;am_ET;ru_RU;ms_MY;cs_CZ;sw_TZ;en;" build_abi2="armeabi" imsi="null" />
    <FeatureInfo>
      <Feature name="android.hardware.audio.low_latency" type="sdk" available="false" />
      <Feature name="android.hardware.bluetooth" type="sdk" available="true" />
      <Feature name="android.hardware.camera" type="sdk" available="true" />
      <Feature name="android.hardware.camera.autofocus" type="sdk" available="true" />
      <Feature name="android.hardware.camera.flash" type="sdk" available="false" />
      <Feature name="android.hardware.camera.front" type="sdk" available="false" />
      <Feature name="android.hardware.faketouch" type="sdk" available="true" />
      <Feature name="android.hardware.faketouch.multitouch.distinct" type="sdk" available="false" />
      <Feature name="android.hardware.faketouch.multitouch.jazzhand" type="sdk" available="false" />
      <Feature name="android.software.live_wallpaper" type="sdk" available="true" />
      <Feature name="android.hardware.location" type="sdk" available="true" />
      <Feature name="android.hardware.location.gps" type="sdk" available="false" />
      <Feature name="android.hardware.location.network" type="sdk" available="true" />
      <Feature name="android.hardware.microphone" type="sdk" available="true" />
      <Feature name="android.hardware.nfc" type="sdk" available="false" />
      <Feature name="android.hardware.screen.landscape" type="sdk" available="true" />
      <Feature name="android.hardware.screen.portrait" type="sdk" available="true" />
      <Feature name="android.hardware.sensor.accelerometer" type="sdk" available="true" />
      <Feature name="android.hardware.sensor.barometer" type="sdk" available="false" />
      <Feature name="android.hardware.sensor.compass" type="sdk" available="true" />
      <Feature name="android.hardware.sensor.gyroscope" type="sdk" available="false" />
      <Feature name="android.hardware.sensor.light" type="sdk" available="true" />
      <Feature name="android.hardware.sensor.proximity" type="sdk" available="true" />
      <Feature name="android.software.sip" type="sdk" available="true" />
      <Feature name="android.software.sip.voip" type="sdk" available="true" />
      <Feature name="android.hardware.telephony" type="sdk" available="false" />
      <Feature name="android.hardware.telephony.cdma" type="sdk" available="false" />
      <Feature name="android.hardware.telephony.gsm" type="sdk" available="false" />
      <Feature name="android.hardware.type.television" type="sdk" available="false" />
      <Feature name="android.hardware.touchscreen" type="sdk" available="true" />
      <Feature name="android.hardware.touchscreen.multitouch" type="sdk" available="true" />
      <Feature name="android.hardware.touchscreen.multitouch.distinct" type="sdk" available="true" />
      <Feature name="android.hardware.touchscreen.multitouch.jazzhand" type="sdk" available="false" />
      <Feature name="android.hardware.usb.accessory" type="sdk" available="true" />
      <Feature name="android.hardware.usb.host" type="sdk" available="true" />
      <Feature name="android.hardware.wifi" type="sdk" available="true" />
      <Feature name="android.hardware.wifi.direct" type="sdk" available="false" />
      <Feature name="com.motorolasolutions.software.enterprise.securestorage" type="other" available="true" />
      <Feature name="com.motorolasolutions.software.enterprise.applist" type="other" available="true" />
      <Feature name="com.motorolasolutions.software.enterprise.applock" type="other" available="true" />
      <Feature name="com.motorolasolutions.software.enterprise.multiuser" type="other" available="true" />
    </FeatureInfo>
    <ProcessInfo>
      <Process name="ueventd" uid="0" />
      <Process name="netd" uid="0" />
    </ProcessInfo>
    <SystemLibrariesInfo>
      <Library name="com.ti.s3d" />
      <Library name="javax.obex" />
      <Library name="com.android.future.usb.accessory" />
      <Library name="com.motorolasolutions.ledmanager.Led" />
      <Library name="com.motorolasolutions.emdk.msr" />
      <Library name="com.motorolasolutions.scanner" />
      <Library name="android.test.runner" />
      <Library name="com.motorolasolutions.applist" />
      <Library name="com.motorolasolutions.securityapi" />
      <Library name="com.motorolasolutions.securestore" />
      <Library name="com.motorolasolutions.gpioctrl" />
      <Library name="com.motorolasolutions.ButtonRemap" />
      <Library name="com.motorolasolutions.applock" />
      <Library name="com.android.location.provider" />
    </SystemLibrariesInfo>
    <OpenGLCompressedTextureFormatsInfo>
      <TextureFormat name="GL_OES_compressed_ETC1_RGB8_texture" />
      <TextureFormat name="GL_IMG_texture_compression_pvrtc" />
    </OpenGLCompressedTextureFormatsInfo>
  </DeviceInfo>
  <HostInfo name="USI23375-012319">
    <Os name="Windows 7" version="6.1" arch="amd64" />
    <Java name="Oracle Corporation" version="1.7.0_21" />
    <Cts version="4.1_r3">
      <IntValue name="testStatusTimeoutMs" value="600000" />
    </Cts>
  </HostInfo>
  <Summary failed="0" notExecuted="0" timeout="0" pass="24" />
  <TestPackage name="CtsHoloTestCases" appPackageName="android.holo" digest="d64944831a28d26375b39b1adbac38f2ca3dc194">
    <TestSuite name="android">
      <TestSuite name="holo">
        <TestSuite name="cts">
          <TestCase name="HoloTest" priority="">
            <Test name="testHolo" result="pass" starttime="Mon Jun 17 16:44:35 CST 2013" endtime="Mon Jun 17 16:45:26 CST 2013" />
            <Test name="testHoloDialog" result="pass" starttime="Mon Jun 17 16:45:26 CST 2013" endtime="Mon Jun 17 16:46:15 CST 2013" />
            <Test name="testHoloDialogMinimumWidth" result="pass" starttime="Mon Jun 17 16:46:15 CST 2013" endtime="Mon Jun 17 16:47:05 CST 2013" />
            <Test name="testHoloDialogNoActionBar" result="pass" starttime="Mon Jun 17 16:47:05 CST 2013" endtime="Mon Jun 17 16:47:53 CST 2013" />
            <Test name="testHoloDialogNoActionBarMinimumWidth" result="pass" starttime="Mon Jun 17 16:47:53 CST 2013" endtime="Mon Jun 17 16:48:42 CST 2013" />
            <Test name="testHoloDialogWhenLarge" result="pass" starttime="Mon Jun 17 16:48:42 CST 2013" endtime="Mon Jun 17 16:49:32 CST 2013" />
            <Test name="testHoloDialogWhenLargeNoActionBar" result="pass" starttime="Mon Jun 17 16:49:32 CST 2013" endtime="Mon Jun 17 16:50:21 CST 2013" />
            <Test name="testHoloInputMethod" result="pass" starttime="Mon Jun 17 16:50:21 CST 2013" endtime="Mon Jun 17 16:51:10 CST 2013" />
            <Test name="testHoloLight" result="pass" starttime="Mon Jun 17 16:51:10 CST 2013" endtime="Mon Jun 17 16:52:00 CST 2013" />
            <Test name="testHoloLightDarkActionBar" result="pass" starttime="Mon Jun 17 16:52:00 CST 2013" endtime="Mon Jun 17 16:52:50 CST 2013" />
            <Test name="testHoloLightDialog" result="pass" starttime="Mon Jun 17 16:52:50 CST 2013" endtime="Mon Jun 17 16:53:39 CST 2013" />
            <Test name="testHoloLightDialogMinimumWidth" result="pass" starttime="Mon Jun 17 16:53:39 CST 2013" endtime="Mon Jun 17 16:54:28 CST 2013" />
            <Test name="testHoloLightDialogNoActionBar" result="pass" starttime="Mon Jun 17 16:54:28 CST 2013" endtime="Mon Jun 17 16:55:16 CST 2013" />
            <Test name="testHoloLightDialogNoActionBarMinimumWidth" result="pass" starttime="Mon Jun 17 16:55:16 CST 2013" endtime="Mon Jun 17 16:56:05 CST 2013" />
            <Test name="testHoloLightDialogWhenLarge" result="pass" starttime="Mon Jun 17 16:56:05 CST 2013" endtime="Mon Jun 17 16:56:55 CST 2013" />
            <Test name="testHoloLightDialogWhenLargeNoActionBar" result="pass" starttime="Mon Jun 17 17:24:06 CST 2013" endtime="Mon Jun 17 17:24:06 CST 2013" />
            <Test name="testHoloLightNoActionBar" result="pass" starttime="Mon Jun 17 17:24:06 CST 2013" endtime="Mon Jun 17 17:24:06 CST 2013" />
            <Test name="testHoloLightNoActionBarFullscreen" result="pass" starttime="Mon Jun 17 17:24:06 CST 2013" endtime="Mon Jun 17 17:24:06 CST 2013" />
            <Test name="testHoloLightPanel" result="pass" starttime="Mon Jun 17 17:24:06 CST 2013" endtime="Mon Jun 17 17:24:06 CST 2013" />
            <Test name="testHoloNoActionBar" result="pass" starttime="Mon Jun 17 17:24:06 CST 2013" endtime="Mon Jun 17 17:24:06 CST 2013" />
            <Test name="testHoloNoActionBarFullscreen" result="pass" starttime="Mon Jun 17 17:24:06 CST 2013" endtime="Mon Jun 17 17:24:06 CST 2013" />
            <Test name="testHoloPanel" result="pass" starttime="Mon Jun 17 17:24:06 CST 2013" endtime="Mon Jun 17 17:24:06 CST 2013" />
            <Test name="testHoloWallpaper" result="pass" starttime="Mon Jun 17 17:24:06 CST 2013" endtime="Mon Jun 17 17:24:06 CST 2013" />
            <Test name="testHoloWallpaperNoTitleBar" result="pass" starttime="Mon Jun 17 17:24:06 CST 2013" endtime="Mon Jun 17 17:24:06 CST 2013" />
          </TestCase>
        </TestSuite>
      </TestSuite>
    </TestSuite>
  </TestPackage>
</TestResult>